VirusOriginal,Virus,VirusGenus,NCBIAccession
PREDICT_AdV-3,predict_adv-3,NA,KC692419
PREDICT_AdV-6,predict_adv-6,NA,KC692422
PREDICT_AdV-7,predict_adv-7,NA,KC692423
PREDICT_AdV-8,predict_adv-8,NA,KC692424
PREDICT_AdV-9,predict_adv-9,NA,KC692425
PREDICT_CoV-17,coronavirus pgcov-2,NA,KC692416
PREDICT_HV-10,predict_hv-10,NA,KC692441
PREDICT_HV-12,predict_hv-12,NA,KC692438
PREDICT_HV-13,predict_hv-13,NA,KC692439
PREDICT_HV-4,predict_hv-4,NA,KC692445
PREDICT_HV-8,predict_hv-8,NA,KC692444
PREDICT_MAstV-5,astrovirus pgastv-7,mamastrovirus,KC692433
PREDICT_PMV-1,paramyxovirus pgpmv-1,NA,KC692403
PREDICT_PMV-2,paramyxovirus pgpmv-2,NA,KC692404
PREDICT_PMV-3,paramyxovirus pgpmv-3,NA,KC692405
PREDICT_PMV-5,paramyxovirus pgpmv-5,NA,KC692407
PREDICT_PMV-6,paramyxovirus pgpmv-6,NA,KC692408
PREDICT_PMV-7,paramyxovirus pgpmv-7,NA,KC692409
PREDICT_AdV-35,adenovirus predict_adv-35,NA,MK325898
PREDICT_CoV-41,coronavirus predict cov-41,betacoronavirus,"KX285496, KX285498, KX285495"
PREDICT_CoV-47,coronavirus predict cov-47,alphacoronavirus,KX285497
PREDICT_PyV-14,predict_pyv-14,NA,NA
PREDICT_CoV-17,coronavirus pgcov-2,NA,KC692416
PREDICT_HV-12,predict_hv-12,NA,KC692438
PREDICT_HV-13,predict_hv-13,NA,KC692439
PREDICT_HV-8,predict_hv-8,NA,KC692444
PREDICT_PMV-10,paramyxovirus pgpmv-10,NA,KC692412
PREDICT_PMV-3,paramyxovirus pgpmv-3,NA,KC692405
PREDICT_PMV-4,paramyxovirus pgpmv-4,NA,KC692406
PREDICT_PMV-5,paramyxovirus pgpmv-5,NA,KC692407
PREDICT_HV-13,predict_hv-13,NA,KC692439
PREDICT_MAstV-2,astrovirus pgastv-2,mamastrovirus,KC692437
PREDICT_AdV-11,predict_adv-11,NA,KC692427
PREDICT_CoV-17,coronavirus pgcov-2,NA,KC692416
PREDICT_HV-12,predict_hv-12,NA,KC692438
PREDICT_MAstV-1,astrovirus pgastv-1,mamastrovirus,KC692435
PREDICT_PMV-6,paramyxovirus pgpmv-6,NA,KC692408
PREDICT_AdV-8,predict_adv-8,NA,KC692424
PREDICT_PMV-21,paramyxovirus predict_pmv-21,NA,KP963783
PREDICT_HV-1,predict_hv-1,NA,KC692446
PREDICT_HV-10,predict_hv-10,NA,KC692441
PREDICT_CoV-17,coronavirus pgcov-2,NA,KC692416
PREDICT_CoV-17,coronavirus pgcov-2,NA,KC692416
PREDICT_HV-1,predict_hv-1,NA,KC692446
PREDICT_HV-22,predict_hv-22,NA,NA
PREDICT_PyV-14,polyomavirus predict_pyv-14,NA,"MK463165, MK463166, MK463167, MK463168, MK463169, MK463180, MK463181"
PREDICT_PyV-24,polyomavirus predict_pyv-24,NA,"MK463160, MK463161, MK463296, MK463297, MK463298, MK463299, MK463300"
PREDICT_PyV-25,polyomavirus predict_pyv-25,NA,"MK463273, MK463279, MK463280, MK463281, MK463282, MK463283, MK463284, MK463285, MK463291, MK463292, MK463293, MK463294, MK463295, MK463301, MK463302, MK463303, MK463304, MK463305, MK463306, MK463307, MK463308, MK463309, MK463310, MK463311, MK463312, MK463313, MK463324, MK463325, MK463326, MK463327, MK463328, MK463329, MK463330, MK463331, MK463332, MK463162, MK463163, MK463164, MK463314, MK463315, MK463316, MK463317, MK463318, MK463319, MK463320, MK463321, MK463322, MK463323, MK463170, MK463171, MK463172, MK463173, MK463174, MK463175, MK463176, MK463177, MK463178, MK463179"
PREDICT_Flavi-3,predict_flavi-3,flavivirus,NA
PREDICT_PyV-14,polyomavirus predict_pyv-14,NA,MK463274
PREDICT_PyV-25,polyomavirus predict_pyv-25,NA,"MK463275, MK463276, MK463277, MK463278, MK463334, MK463335, MK463336, MK463337, MK463338, MK463339, MK463340, MK463341, MK463342, MK463348, MK463349, MK463350, MK463351, MK463352, MK463333"
PREDICT_PyV-9,polyomavirus predict_pyv-9,NA,"MK463286, MK463287, MK463288, MK463289, MK463290, MK463343, MK463344, MK463345, MK463346, MK463347"
PREDICT_AdV-4,predict_adv-4,NA,KC692420
PREDICT_AdV-5,predict_adv-5,NA,KC692421
PREDICT_HV-8,predict_hv-8,NA,KC692444
PREDICT_CoV-33,coronavirus predict cov-33,alphacoronavirus,KX284947
PREDICT_AdV-24,adenovirus predict_adv-24,NA,MK325783
PREDICT_AdV-36,adenovirus predict_adv-36,NA,MK325784
PREDICT_AdV-48,adenovirus predict_adv-48,NA,"MK325785, MK325786"
PREDICT_PyV-14,polyomavirus predict_pyv-14,NA,"MK463197, MK463198, MK463199, MK463200, MK463202, MK463203, MK463204, MK463205, MK463206, MK463217, MK463219, MK463220, MK463221, MK463222"
PREDICT_PyV-24,polyomavirus predict_pyv-24,NA,MK463201
PREDICT_PyV-25,polyomavirus predict_pyv-25,NA,"MK463188, MK463196, MK463207, MK463208, MK463209, MK463210, MK463211, MK463212, MK463213, MK463214, MK463215, MK463216, MK463223, MK463224, MK463225, MK463226, MK463227"
PREDICT_Flavi-2,predict_flavi-2,flavivirus,NA
PREDICT_PyV-24,polyomavirus predict_pyv-24,NA,"MK463194, MK463195, MK463218, MK463228, MK463229"
PREDICT_PyV-9,polyomavirus predict_pyv-9,NA,"MK463158, MK463159, MK463189, MK463190, MK463191, MK463192, MK463193, MK463230, MK463231, MK463134, MK463135, MK463147, MK463148, MK463149, MK463150, MK463151, MK463152, MK463153, MK463154, MK463155, MK463156, MK463157, MK463136, MK463137, MK463138, MK463139, MK463140, MK463141, MK463142, MK463143, MK463144, MK463145, MK463146"
PREDICT_HV-47,predict_hv-47,NA,NA
PREDICT_PyV-12,predict_pyv-12,NA,NA
PREDICT_PyV-13,predict_pyv-13,NA,NA
PREDICT_PyV-14,predict_pyv-14,NA,NA
PREDICT_PMV-15,paramyxovirus predict_pmv-15,NA,KP963803
PREDICT_AdV-37,adenovirus predict_adv-37,NA,MK325787
PREDICT_AdV-34,adenovirus predict_adv-34,NA,"MK325788, MK325789, MK325790"
PREDICT_AdV-35,adenovirus predict_adv-35,NA,MK325791
PREDICT_PyV-14,predict_pyv-14,NA,NA
PREDICT_PyV-16,predict_pyv-16,NA,NA
PREDICT_PyV-9,predict_pyv-9,NA,NA
PREDICT_PyV-14,polyomavirus predict_pyv-14,NA,"MK463182, MK463183, MK463184, MK463237, MK463248, MK463249, MK463250, MK463251, MK463252, MK463253, MK463254, MK463255, MK463238, MK463239, MK463240, MK463241, MK463242, MK463243, MK463244, MK463245, MK463246, MK463247"
PREDICT_PyV-24,polyomavirus predict_pyv-24,NA,"MK463269, MK463270, MK463266, MK463267, MK463268"
PREDICT_PyV-25,polyomavirus predict_pyv-25,NA,"MK463185, MK463186, MK463187, MK463232, MK463233, MK463234, MK463235, MK463236, MK463256, MK463257, MK463258, MK463259, MK463260, MK463261, MK463262, MK463263, MK463264, MK463265, MK463271, MK463272"
PREDICT_AdV-19,adenovirus predict_adv-19,NA,MK325792
PREDICT_Pox-1,predict_pox-1,NA,NA
PREDICT_PyV-24,polyomavirus predict_pyv-24,NA,"MK463356, MK463357, MK463358, MK463359, MK463360"
PREDICT_PyV-9,polyomavirus predict_pyv-9,NA,"MK463365, MK463353, MK463354, MK463355, MK463361, MK463362, MK463363, MK463364"
PREDICT_MAstV-10,predict_mastv-10,mamastrovirus,"KY054445, KY054446, KY054447"
PREDICT_AdV-22,adenovirus predict_adv-22,NA,MK325795
PREDICT_AdV-44,adenovirus predict_adv-44,NA,"MK325797, MK325798"
PREDICT_AdV-51,adenovirus predict_adv-51,NA,MK325796
PREDICT_PyV-15,predict_pyv-15,NA,NA
PREDICT_AdV-20,adenovirus predict_adv-20,NA,MK325793
PREDICT_AdV-44,adenovirus predict_adv-44,NA,MK325794
PREDICT_AdV-3,predict_adv-3,NA,KC692419
PREDICT_AdV-7,predict_adv-7,NA,KC692423
PREDICT_AdV-8,predict_adv-8,NA,KC692424
PREDICT_AdV-9,predict_adv-9,NA,KC692425
PREDICT_CoV-16,coronavirus pgcov-1,NA,KC692415
PREDICT_CoV-17,coronavirus pgcov-2,NA,KC692416
PREDICT_HV-10,predict_hv-10,NA,KC692441
PREDICT_HV-11,predict_hv-11,NA,KC692440
PREDICT_HV-12,predict_hv-12,NA,KC692438
PREDICT_HV-13,predict_hv-13,NA,KC692439
PREDICT_HV-4,predict_hv-4,NA,KC692445
PREDICT_HV-7,predict_hv-7,NA,KC692443
PREDICT_HV-8,predict_hv-8,NA,KC692444
PREDICT_PMV-10,paramyxovirus pgpmv-10,NA,KC692412
PREDICT_PMV-6,paramyxovirus pgpmv-6,NA,KC692408
PREDICT_PMV-7,paramyxovirus pgpmv-7,NA,KC692409
PREDICT_PMV-8,paramyxovirus pgpmv-8,NA,KC692410
PREDICT_PyV-2,polyomavirus pgpyv-2,NA,"KC692401, KC692402"
PREDICT_AdV-17,adenovirus predict_adv-17,NA,MK325896
PREDICT_CoV-5,coronavirus mex_cov-5a,alphacoronavirus,KC117188
PREDICT_HV-40,predict_hv-40,NA,NA
PREDICT_CoV-1,coronavirus mex_cov-2,alphacoronavirus,KC117197
PREDICT_HV-40,predict_hv-40,NA,NA
PREDICT_HV-103,predict_hv-103,NA,NA
PREDICT_AdV-81,adenovirus predict_adv-81,NA,MK326032
PREDICT_AdV-87,adenovirus predict_adv-87,NA,MK326036
PREDICT_HV-103,predict_hv-103,NA,NA
PREDICT_HV-104,predict_hv-104,NA,NA
PREDICT_HV-105,predict_hv-105,NA,NA
PREDICT_HV-107,predict_hv-107,NA,NA
PREDICT_HV-109,predict_hv-109,NA,NA
PREDICT_AdV-87,adenovirus predict_adv-87,NA,MK326033
PREDICT_CoV-6,coronavirus mex_cov-6,alphacoronavirus,KC117184
PREDICT_AdV-87,adenovirus predict_adv-87,NA,MK326035
PREDICT_HV-110,predict_hv-110,NA,NA
PREDICT_HV-109,predict_hv-109,NA,NA
PREDICT_HV-112,predict_hv-112,NA,NA
PREDICT_HV-103,predict_hv-103,NA,NA
PREDICT_HV-109,predict_hv-109,NA,NA
PREDICT_HV-111,predict_hv-111,NA,NA
PREDICT_PyV-9,predict_pyv-9,NA,NA
PREDICT_AdV-38,adenovirus predict_adv-38,NA,"MK325799, MK325800, MK325801, MK325802, MK325804, MK325806, MK325807"
PREDICT_AdV-39,adenovirus predict_adv-39,NA,MK325803
PREDICT_AdV-68,adenovirus predict_adv-68,NA,MK325805
PREDICT_PyV-17,predict_pyv-17,NA,NA
PREDICT_AdV-74,adenovirus predict_adv-74,NA,MK325808
PREDICT_PyV-8,predict_pyv-8,NA,NA
PREDICT_HV-44,predict_hv-44,NA,NA
PREDICT_HV-46,predict_hv-46,NA,NA
PREDICT_MAstV-7,predict_mastv-7,mamastrovirus,KY054440
PREDICT_AdV-11,predict_adv-11,NA,KC692427
PREDICT_AdV-5,predict_adv-5,NA,KC692421
PREDICT_AdV-8,predict_adv-8,NA,KC692424
PREDICT_CoV-17,coronavirus pgcov-2,NA,KC692416
PREDICT_HV-1,predict_hv-1,NA,KC692446
PREDICT_HV-10,predict_hv-10,NA,KC692441
PREDICT_HV-11,predict_hv-11,NA,KC692440
PREDICT_HV-12,predict_hv-12,NA,KC692438
PREDICT_HV-13,predict_hv-13,NA,KC692439
PREDICT_HV-3,predict_hv-3,NA,KC692450
PREDICT_HV-4,predict_hv-4,NA,KC692445
PREDICT_HV-7,predict_hv-7,NA,KC692443
PREDICT_HV-8,predict_hv-8,NA,KC692444
PREDICT_PMV-6,paramyxovirus pgpmv-6,NA,KC692408
PREDICT_PMV-9,paramyxovirus pgpmv-9,NA,KC692411
PREDICT_PyV-1,polyomavirus pgpyv-1,NA,KC692400
PREDICT_PyV-2,polyomavirus pgpyv-2,NA,"KC692401, KC692402"
PREDICT_CoV-12,coronavirus predict cov-12,alphacoronavirus,"KX285055, KX285788, KX285797, KX285053"
PREDICT_HantaV-1,hantavirus hantav-1,orthohantavirus,KX442793
PREDICT_CoV-13,coronavirus predict cov-13,alphacoronavirus,"KX285058, KX285791"
PREDICT_AdV-40,adenovirus predict_adv-40,NA,MK325810
PREDICT_AdV-41,adenovirus predict_adv-41,NA,MK325809
PREDICT_CoV-13,coronavirus predict cov-13,alphacoronavirus,"KX285054, KX285789"
PREDICT_AdV-16,adenovirus predict_adv-16,NA,"MK325773, MK325770"
PREDICT_MAstV-9,predict_mastv-9,mamastrovirus,KY054436
PREDICT_AdV-16,adenovirus predict_adv-16,NA,"MK325774, MK325772"
PREDICT_HantaV-1,hantavirus hantav-1,orthohantavirus,KX442794
PREDICT_MAstV-9,predict_mastv-9,mamastrovirus,"KY054437, KY054438, KY054439"
PREDICT_AdV-28,adenovirus predict_adv-28,NA,MK325811
PREDICT_AdV-16,adenovirus predict_adv-16,NA,MK325771
PREDICT_PyV-11,predict_pyv-11,NA,NA
PREDICT_PyV-14,predict_pyv-14,NA,NA
PREDICT_MAstV-12,predict_mastv-12,mamastrovirus,"KY053915, KY053914"
PREDICT_AdV-3,predict_adv-3,NA,NA
PREDICT_AdV-5,predict_adv-5,NA,NA
PREDICT_AdV-7,predict_adv-7,NA,NA
PREDICT_AdV-8,predict_adv-8,NA,NA
PREDICT_CoV-17,coronavirus pgcov-2,NA,KC692416
PREDICT_HV-10,predict_hv-10,NA,KC692441
PREDICT_HV-12,predict_hv-12,NA,KC692438
PREDICT_HV-13,predict_hv-13,NA,KC692439
PREDICT_HV-4,predict_hv-4,NA,KC692445
PREDICT_HV-7,predict_hv-7,NA,KC692443
PREDICT_HV-8,predict_hv-8,NA,KC692444
PREDICT_PMV-6,paramyxovirus pgpmv-6,NA,KC692408
PREDICT_PyV-2,polyomavirus pgpyv-2,NA,KC692401
PREDICT_AdV-33,adenovirus predict_adv-33,NA,"MK325812, MK325813, MK325818"
PREDICT_PyV-18,predict_pyv-18,NA,NA
PREDICT_AdV-24,adenovirus predict_adv-24,NA,"MK325816, MK325817, MK325821, MK325822"
PREDICT_PyV-14,predict_pyv-14,NA,NA
PREDICT_PyV-20,predict_pyv-20,NA,NA
PREDICT_PyV-8,predict_pyv-8,NA,NA
PREDICT_AdV-5,predict_adv-5,NA,"KC692421, KC692421"
PREDICT_AdV-8,predict_adv-8,NA,KC692424
PREDICT_AdV-9,predict_adv-9,NA,"KC692425, KC692425"
PREDICT_CoV-16,coronavirus pgcov-1,NA,KC692415
PREDICT_CoV-17,coronavirus pgcov-2,NA,"KC692416, KC692416"
PREDICT_HV-10,predict_hv-10,NA,NA
PREDICT_HV-7,predict_hv-7,NA,KC692443
PREDICT_HV-8,predict_hv-8,NA,NA
PREDICT_MAstV-1,predict_mastv-1,mamastrovirus,KY053941
PREDICT_AdV-65,adenovirus predict_adv-65,NA,MK325820
PREDICT_PyV-9,predict_pyv-9,NA,NA
PREDICT_AdV-18,adenovirus predict_adv-18,NA,"MK325815, MK325819"
PREDICT_HV-48,predict_hv-48,NA,NA
PREDICT_HV-49,predict_hv-49,NA,NA
PREDICT_AdV-29,adenovirus predict_adv-29,NA,MK325832
PREDICT_AdV-48,adenovirus predict_adv-48,NA,MK325823
PREDICT_AdV-49,adenovirus predict_adv-49,NA,"MK325825, MK325826, MK325827"
PREDICT_AdV-50,adenovirus predict_adv-50,NA,MK325824
PREDICT_PyV-13,predict_pyv-13,NA,NA
PREDICT_PyV-14,predict_pyv-14,NA,NA
PREDICT_AdV-29,adenovirus predict_adv-29,NA,"MK325828, MK325831"
PREDICT_AdV-21,adenovirus predict_adv-21,NA,MK325833
PREDICT_AdV-1,predict_adv-1,NA,KC692417
PREDICT_AdV-12,predict_adv-12,NA,NA
PREDICT_AdV-5,predict_adv-5,NA,KC692421
PREDICT_AdV-8,predict_adv-8,NA,KC692424
PREDICT_AdV-9,predict_adv-9,NA,KC692425
PREDICT_CoV-17,coronavirus pgcov-2,NA,KC692416
PREDICT_HV-10,predict_hv-10,NA,KC692441
PREDICT_HV-13,predict_hv-13,NA,KC692439
PREDICT_HV-8,predict_hv-8,NA,KC692444
PREDICT_MAstV-3,astrovirus pgastv-3,mamastrovirus,"KC692436, KY053937, KY053938"
PREDICT_AdV-30,adenovirus predict_adv-30,NA,MK325837
PREDICT_PyV-27,predict_pyv-27,NA,NA
PREDICT_PyV-9,predict_pyv-9,NA,NA
PREDICT_AdV-28,adenovirus predict_adv-28,NA,MK325836
PREDICT_HV-5,predict_hv-5,NA,KC692447
PREDICT_MAstV-3,predict_mastv-3,mamastrovirus,"KY053931, KY053932, KY053933, KY053934, KY053935, KY053936, KY053939"
PREDICT_MAstV-4,astrovirus pgastv-5,mamastrovirus,"KC692431, KY053940"
PREDICT_MAstV-6,predict_mastv-6,mamastrovirus,"KY053919, KY053920, KY053921, KY053922, KY053923, KY053924, KY053925, KY053926, KY053927, KY053928, KY053929, KC692434, KY053917, KY053918"
PREDICT_AdV-42,adenovirus predict_adv-42,NA,MK325841
PREDICT_PyV-16,predict_pyv-16,NA,NA
PREDICT_AdV-28,adenovirus predict_adv-28,NA,MK325843
PREDICT_PyV-26,predict_pyv-26,NA,NA
PREDICT_PyV-14,predict_pyv-14,NA,NA
PREDICT_AdV-29,adenovirus predict_adv-29,NA,MK325845
PREDICT_AdV-38,adenovirus predict_adv-38,NA,MK325844
PREDICT_CoV-15,coronavirus predict cov-15,alphacoronavirus,"KX285062, KX285795"
PREDICT_PyV-5,polyomavirus predict_pyv-5,NA,"MK463481, MK463483"
PREDICT_PyV-7,polyomavirus predict_pyv-7,NA,MK463482
PREDICT_AdV-35,adenovirus predict_adv-35,NA,MK325847
PREDICT_AdV-13,adenovirus predict_adv-13,NA,MK325766
PREDICT_AdV-15,adenovirus predict_adv-15,NA,"MK325767, MK325768"
PREDICT_CoV-14,coronavirus predict cov-14,alphacoronavirus,KX285796
PREDICT_CoV-15,coronavirus predict cov-15,alphacoronavirus,"KX285059, KX285060, KX285794"
PREDICT_CoV-4,coronavirus predict cov-4,alphacoronavirus,KX285061
PREDICT_MAstV-8,predict_mastv-8,mamastrovirus,"KY054441, KY054442, KY054443, KY054444"
PREDICT_AdV-36,adenovirus predict_adv-36,NA,"MK325857, MK325859"
PREDICT_AdV-50,adenovirus predict_adv-50,NA,MK325858
PREDICT_PyV-12,predict_pyv-12,NA,NA
PREDICT_PyV-14,predict_pyv-14,NA,NA
PREDICT_AdV-61,adenovirus predict_adv-61,NA,MK325855
PREDICT_AdV-10,predict_adv-10,NA,KC692426
PREDICT_AdV-3,predict_adv-3,NA,KC692419
PREDICT_AdV-7,predict_adv-7,NA,KC692423
PREDICT_AdV-8,predict_adv-8,NA,KC692424
PREDICT_HV-1,predict_hv-1,NA,KC692446
PREDICT_HV-10,predict_hv-10,NA,KC692441
PREDICT_HV-11,predict_hv-11,NA,KC692440
PREDICT_HV-12,predict_hv-12,NA,KC692438
PREDICT_HV-13,predict_hv-13,NA,KC692439
PREDICT_HV-2,predict_hv-2,NA,KC692449
PREDICT_HV-4,predict_hv-4,NA,KC692445
PREDICT_HV-6,predict_hv-6,NA,KC692448
PREDICT_HV-7,predict_hv-7,NA,KC692443
PREDICT_HV-8,predict_hv-8,NA,KC692444
PREDICT_HV-9,predict_hv-9,NA,KC692442
PREDICT_AdV-53,adenovirus predict_adv-53,NA,MK325852
PREDICT_AdV-54,adenovirus predict_adv-54,NA,"MK325851, MK325856"
PREDICT_AdV-78,adenovirus predict_adv-78,NA,MK325849
PREDICT_CoV-30,coronavirus predict cov-30,betacoronavirus,"KX284949, KX284950"
PREDICT_PyV-26,predict_pyv-26,NA,NA
PREDICT_PyV-9,predict_pyv-9,NA,NA
PREDICT_CoV-5,coronavirus mex_cov-5a,alphacoronavirus,KC117188
PREDICT_CoV-1,coronavirus mex_cov-1,alphacoronavirus,KC117186
PREDICT_CoV-1,coronavirus mex_cov-1,alphacoronavirus,KC117189
PREDICT_CoV-11,coronavirus mex_cov-11a,betacoronavirus,KC117185
PREDICT_CoV-3,coronavirus mex_cov-3,alphacoronavirus,KC117190
PREDICT_CoV-7,coronavirus mex_cov-7,alphacoronavirus,"KC117208, KC117209"
PREDICT_AdV-56,adenovirus predict_adv-56,NA,MK325860
PREDICT_AdV-62,adenovirus predict_adv-62,NA,MK325861
PREDICT_PyV-19,predict_pyv-19,NA,NA
PREDICT_AdV-57,adenovirus predict_adv-57,NA,MK325862
PREDICT_AdV-21,adenovirus predict_adv-21,NA,MK325863
PREDICT_AdV-25,adenovirus predict_adv-25,NA,MK325864
PREDICT_HV-5,predict_hv-5,NA,NA
PREDICT_PyV-21,predict_pyv-21,NA,NA
PREDICT_HV-47,predict_hv-47,NA,NA
PREDICT_CoV-8,coronavirus mex_cov-8,alphacoronavirus,"KC117210, KC117211, KC117212"
PREDICT_CoV-4,coronavirus mex_cov-4,alphacoronavirus,KC117194
PREDICT_CoV-5,coronavirus mex_cov-5b,alphacoronavirus,KC117191
PREDICT_PMV-45,paramyxovirus predict_pmv-45,NA,KP963850
PREDICT_CoV-1,coronavirus mex_cov-1,alphacoronavirus,KC117193
PREDICT_PyV-14,predict_pyv-14,NA,NA
PREDICT_PyV-29,predict_pyv-29,NA,NA
PREDICT_CoV-9,coronavirus mex_cov-9,betacoronavirus,KC117195
PREDICT_AdV-38,adenovirus predict_adv-38,NA,"MK325868, MK325870"
PREDICT_AdV-68,adenovirus predict_adv-68,NA,"MK325867, MK325869"
PREDICT_PyV-17,predict_pyv-17,NA,NA
PREDICT_PMV-23,paramyxovirus predict_pmv-23,NA,KP963840
PREDICT_CoV-7,coronavirus mex_cov-7,alphacoronavirus,KC117213
PREDICT_PMV-33,paramyxovirus predict_pmv-33,NA,KP963782
PREDICT_HantaV-2,hantavirus hantav-2,orthohantavirus,"KX442771, KX442772"
PREDICT_HantaV-3,hantavirus hantav-3,orthohantavirus,KX442770
PREDICT_PMV-34,paramyxovirus predict_pmv-34,NA,KP963849
PREDICT_CoV-30,coronavirus predict cov-30,betacoronavirus,KX284953
PREDICT_AdV-14,adenovirus predict_adv-14,NA,MK325769
PREDICT_PyV-3,predict_pyv-3,NA,NA
PREDICT_PyV-14,predict_pyv-14,NA,NA
PREDICT_AdV-41,adenovirus predict_adv-41,NA,MK325872
PREDICT_AdV-24,adenovirus predict_adv-24,NA,MK325871
PREDICT_CoV-18,coronavirus predict cov-18,alphacoronavirus,"KX285063, KX285798"
PREDICT_CoV-19,coronavirus predict cov-19,betacoronavirus,"KX285064, KX285793"
PREDICT_PyV-4,predict_pyv-4,NA,NA
PREDICT_EV-4,predict_ev-4,enterovirus,MK215179
PREDICT_EV-5,predict_ev-5,enterovirus,MK215180
PREDICT_PyV-16,predict_pyv-16,NA,NA
PREDICT_PyV-21,predict_pyv-21,NA,NA
PREDICT_HV-122,predict_hv-122,NA,NA
PREDICT_HV-47,predict_hv-47,NA,NA
PREDICT_CoV-5,coronavirus mex_cov-5b,alphacoronavirus,"KC117202, KC117203"
PREDICT_CoV-11,coronavirus mex_cov-11a,betacoronavirus,KC117207
PREDICT_CoV-5,coronavirus mex_cov-5b,alphacoronavirus,"KC117201, KC117204"
PREDICT_CoV-1,coronavirus mex_cov-1,alphacoronavirus,"KC117196, KC117197"
PREDICT_CoV-11,coronavirus mex_cov-11b,betacoronavirus,KC117199
PREDICT_PyV-7,polyomavirus predict_pyv-7,NA,"MK463487, MK463488"
PREDICT_AdV-58,adenovirus predict_adv-58,NA,"MK325873, MK325874"
PREDICT_AdV-59,adenovirus predict_adv-59,NA,MK325875
PREDICT_CoV-10,coronavirus mex_cov-10,betacoronavirus,KC117198
PREDICT_CoV-11,coronavirus mex_cov-11b,betacoronavirus,KC117200
PREDICT_HV-85,predict_hv-85,NA,NA
PREDICT_HV-89,predict_hv-89,NA,NA
PREDICT_HV-22,predict_hv-22,NA,NA
PREDICT_HV-27,predict_hv-27,NA,NA
PREDICT_HV-128,predict_hv-128,NA,NA
PREDICT_PyV-32,polyomavirus predict_pyv-32,NA,MK489412
PREDICT_CoV-24,coronavirus predict cov-24,betacoronavirus,KX285783
PREDICT_HV-120,predict_hv-120,NA,NA
PREDICT_HV-120,predict_hv-120,NA,NA
PREDICT_HV-76,predict_hv-76,NA,NA
PREDICT_CoV-36,coronavirus predict cov-36,alphacoronavirus,KX285052
PREDICT_MAstV-26,predict_mastv-26,mamastrovirus,KX858511
PREDICT_HV-128,predict_hv-128,NA,NA
PREDICT_HV-88,predict_hv-88,NA,NA
PREDICT_HV-91,predict_hv-91,NA,NA
PREDICT_MAstV-25,predict_mastv-25,mamastrovirus,"KX858513, KX858517"
PREDICT_MAstV-90,predict_mastv-90,mamastrovirus,KY054505
PREDICT_MAstV-91,predict_mastv-91,mamastrovirus,KY054506
PREDICT_MAstV-92,predict_mastv-92,mamastrovirus,"KY054509, KY054508"
PREDICT_MAstV-93,predict_mastv-93,mamastrovirus,KY054510
PREDICT_HV-128,predict_hv-128,NA,NA
PREDICT_HV-129,predict_hv-129,NA,NA
PREDICT_PMV-20,paramyxovirus predict_pmv-20,NA,"KP963795, KP963796, KP963797, KP963798"
PREDICT_PMV-20,paramyxovirus predict_pmv-20,NA,KP963799
PREDICT_CoV-39,coronavirus predict cov-39,alphacoronavirus,"KX285119, KX285120"
PREDICT_MAstV-94,predict_mastv-94,mamastrovirus,KY054511
PREDICT_CoV-25,coronavirus predict cov-25,alphacoronavirus,KX285785
PREDICT_MAstV-22,predict_mastv-22,mamastrovirus,KX858516
PREDICT_PyV-10,predict_pyv-10,NA,NA
PREDICT_CoV-24,coronavirus predict cov-24,betacoronavirus,KX285784
PREDICT_MAstV-13,predict_mastv-13,mamastrovirus,KX858518
PREDICT_MAstV-23,predict_mastv-23,mamastrovirus,KX858515
PREDICT_PyV-30,polyomavirus predict_pyv-30,NA,MK489411
PREDICT_MAstV-11,predict_mastv-11,mamastrovirus,KY053916
PREDICT_HV-27,predict_hv-27,NA,NA
PREDICT_Lenti-1,predict_lenti-1,lentivirus,NA
PREDICT_Lenti-2,predict_lenti-2,lentivirus,NA
PREDICT_CoV-11,coronavirus mex_cov-11b,betacoronavirus,KC117187
PREDICT_AdV-2,adenovirus predict_adv-2,NA,MK326038
PREDICT_PyV-7,polyomavirus predict_pyv-7,NA,MK463477
PREDICT_HV-16,predict_hv-16,NA,NA
PREDICT_HV-27,predict_hv-27,NA,NA
PREDICT_CoV-22,coronavirus predict cov-22,betacoronavirus,KX284906
PREDICT_AdV-48,adenovirus predict_adv-48,NA,MK325878
PREDICT_AdV-49,adenovirus predict_adv-49,NA,"MK325876, MK325877"
PREDICT_PyV-12,predict_pyv-12,NA,NA
PREDICT_MAstV-82,predict_mastv-82,mamastrovirus,KY054087
PREDICT_MAstV-13,predict_mastv-13,mamastrovirus,KX858365
PREDICT_MAstV-16,predict_mastv-16,mamastrovirus,"KX858363, KX858364, KX858368"
PREDICT_MAstV-185,predict_mastv-185,mamastrovirus,KX858367
PREDICT_MAstV-186,predict_mastv-186,mamastrovirus,KX858366
PREDICT_MAstV-189,predict_mastv-189,mamastrovirus,KX858362
PREDICT_AdV-37,adenovirus predict_adv-37,NA,MK325881
PREDICT_CoV-24,coronavirus predict cov-24,betacoronavirus,KX285051
PREDICT_AdV-22,adenovirus predict_adv-22,NA,MK325883
PREDICT_MAstV-135,predict_mastv-135,mamastrovirus,KX858381
PREDICT_AdV-24,adenovirus predict_adv-24,NA,MK325879
PREDICT_AdV-79,adenovirus predict_adv-79,NA,MK325901
PREDICT_AdV-22,adenovirus predict_adv-22,NA,MK325882
PREDICT_PMV-32,paramyxovirus predict_pmv-32,NA,"KP963777, KP963779, KP963780, KP963781"
PREDICT_PMV-32,paramyxovirus predict_pmv-32,NA,"KP963776, KP963778"
PREDICT_AdV-26,adenovirus predict_adv-26,NA,MK326030
PREDICT_PMV-28,paramyxovirus predict_pmv-28,NA,KP963802
PREDICT_AdV-60,adenovirus predict_adv-60,NA,MK325880
PREDICT_CoV-40,coronavirus predict cov-40,alphacoronavirus,"KX285049, KX286245"
PREDICT_AdV-22,adenovirus predict_adv-22,NA,MK325885
PREDICT_AdV-63,adenovirus predict_adv-63,NA,MK325887
PREDICT_AdV-23,adenovirus predict_adv-23,NA,MK325884
PREDICT_AdV-49,adenovirus predict_adv-49,NA,"MK325890, MK325891"
PREDICT_AdV-50,adenovirus predict_adv-50,NA,MK325892
PREDICT_PyV-12,predict_pyv-12,NA,NA
PREDICT_PyV-33,predict_pyv-33,NA,NA
PREDICT_AdV-17,adenovirus predict_adv-17,NA,MK325886
PREDICT_AdV-46,adenovirus predict_adv-46,NA,MK325905
PREDICT_MAstV-92,predict_mastv-92,mamastrovirus,KY054507
PREDICT_CoV-37,coronavirus predict cov-37,alphacoronavirus,"KX285126, KX285128"
PREDICT_HV-17,predict_hv-17,NA,NA
PREDICT_AdV-35,adenovirus predict_adv-35,NA,MK325894
PREDICT_PyV-21,predict_pyv-21,NA,NA
PREDICT_MAstV-15,predict_mastv-15,mamastrovirus,KX858349
PREDICT_AdV-80,adenovirus predict_adv-80,NA,MK325893
PREDICT_PyV-9,predict_pyv-9,NA,NA
PREDICT_EV-1,predict_ev-1,enterovirus,MK215160
PREDICT_PyV-6,polyomavirus predict_pyv-6,NA,MK463484
PREDICT_PyV-7,polyomavirus predict_pyv-7,NA,"MK463485, MK463486, MK463489"
PREDICT_AdV-38,adenovirus predict_adv-38,NA,MK325895
PREDICT_PyV-17,predict_pyv-17,NA,NA
PREDICT_HantaV-1,hantavirus hantav-1,orthohantavirus,KX442773
PREDICT_AdV-38,adenovirus predict_adv-38,NA,MK325897
PREDICT_MAstV-27,predict_mastv-27,mamastrovirus,"KX858426, KX858433, KX858455, KX858456"
PREDICT_MAstV-28,predict_mastv-28,mamastrovirus,"KX858462, KX858463, KX858464, KX858465, KX858423, KX858424, KX858425, KX858427, KX858428, KX858429, KX858430, KX858431, KX858435, KX858436, KX858437, KX858438, KX858439, KX858440, KX858441, KX858442, KX858444, KX858445, KX858446, KX858447, KX858448, KX858451, KX858452, KX858453, KX858457, KX858458, KX858459, KX858460"
PREDICT_PMV-13,paramyxovirus predict_pmv-13,NA,"KP963793, KP963794"
PREDICT_PyV-8,predict_pyv-8,NA,NA
PREDICT_AdV-64,adenovirus predict_adv-64,NA,MK325899
PREDICT_AdV-64,adenovirus predict_adv-64,NA,MK325900
PREDICT_PyV-38,predict_pyv-38,NA,NA
PREDICT_AdV-45,adenovirus predict_adv-45,NA,"MK325904, MK325902"
PREDICT_PMV-22,paramyxovirus predict_pmv-22,NA,"KP963800, KP963801"
PREDICT_AdV-83,predict_adv-83,NA,NA
PREDICT_MAstV-206,predict_mastv-206,mamastrovirus,KY054089
PREDICT_AdV-83,predict_adv-83,NA,NA
PREDICT_AdV-90,adenovirus predict_adv-90,NA,MK391610
PREDICT_Lenti-4,predict_lenti-4,lentivirus,NA
PREDICT_MAstV-13,predict_mastv-13,mamastrovirus,"KX858352, KX858369"
PREDICT_MAstV-14,predict_mastv-14,mamastrovirus,KX858371
PREDICT_AdV-27,adenovirus predict_adv-27,NA,MK326031
PREDICT_HV-28,predict_hv-28,NA,NA
PREDICT_AdV-88,predict_adv-88,NA,NA
PREDICT_MAstV-14,predict_mastv-14,mamastrovirus,KX858370
PREDICT_MAstV-13,predict_mastv-13,mamastrovirus,"KX858354, KX858360"
PREDICT_MAstV-13,predict_mastv-13,mamastrovirus,"KX858353, KX858355, KX858359"
PREDICT_MAstV-16,predict_mastv-16,mamastrovirus,"KX858356, KX858357"
PREDICT_MAstV-17,predict_mastv-17,mamastrovirus,"KX858358, KX858372"
PREDICT_AdV-13,adenovirus predict_adv-13,NA,MK325778
PREDICT_HV-75,predict_hv-75,NA,NA
PREDICT_AdV-90,adenovirus predict_adv-90,NA,"MK391612, MK391613"
PREDICT_AdV-13,adenovirus predict_adv-13,NA,MK325777
PREDICT_HV-72,predict_hv-72,NA,NA
PREDICT_AdV-13,adenovirus predict_adv-13,NA,MK325780
PREDICT_CoV-24,coronavirus predict cov-24,betacoronavirus,"KX285731, KX285732, KX285733, KX285734, KX285735, KX285736, KX285727, KX285728"
PREDICT_CoV-24,coronavirus predict cov-24,betacoronavirus,"KX285737, KX285738, KX285725, KX285726"
PREDICT_HV-5,predict_hv-5,NA,NA
PREDICT_CoV-43,coronavirus predict cov-43,betacoronavirus,KX286324
PREDICT_AdV-13,adenovirus predict_adv-13,NA,MK325775
PREDICT_HV-70,predict_hv-70,NA,NA
PREDICT_AdV-90,adenovirus predict_adv-90,NA,MK391614
PREDICT_CoV-42,coronavirus predict cov-42,alphacoronavirus,KX285111
PREDICT_CoV-43,coronavirus predict cov-43,betacoronavirus,"KX286325, KX286326"
PREDICT_CoV-44,coronavirus predict cov-44,betacoronavirus,KX286327
PREDICT_AdV-71,adenovirus predict_adv-71,NA,MK325779
PREDICT_HV-63,predict_hv-63,NA,NA
PREDICT_AdV-13,adenovirus predict_adv-13,NA,MK325776
PREDICT_CoV-23,coronavirus predict cov-23,betacoronavirus,KX284916
PREDICT_HV-20,predict_hv-20,NA,NA
PREDICT_AdV-90,adenovirus predict_adv-90,NA,MK391615
PREDICT_PMV-78,predict_pmv-78,NA,NA
PREDICT_HV-40,predict_hv-40,NA,NA
PREDICT_HV-61,predict_hv-61,NA,NA
PREDICT_CoV-1,coronavirus mex_cov-1,alphacoronavirus,"KC117205, KC117206"
PREDICT_CoV-24,coronavirus predict cov-24,betacoronavirus,"KX285729, KX285730"
PREDICT_CoV-4,coronavirus predict cov-4,alphacoronavirus,KX285068
PREDICT_PMV-78,predict_pmv-78,NA,NA
PREDICT_HV-40,predict_hv-40,NA,NA
PREDICT_AdV-13,adenovirus predict_adv-13,NA,MK325782
PREDICT_AdV-71,adenovirus predict_adv-71,NA,MK325781
PREDICT_CoV-4,coronavirus predict cov-4,alphacoronavirus,KX285224
PREDICT_CoV-72,predict_cov-72,NA,NA
PREDICT_PMV-78,predict_pmv-78,NA,NA
PREDICT_MAstV-55,predict_mastv-55,mamastrovirus,"KY054492, KY054493, KY054494, KY054495, KY054496, KY054497, KY054498, KY054499, KY054500, KY054485, KY054486, KY054487, KY054488, KY054489, KY054490, KY054491"
PREDICT_CoV-72,predict_cov-72,NA,NA
PREDICT_MAstV-13,predict_mastv-13,mamastrovirus,"KX858350, KX858351"
PREDICT_AdV-85,predict_adv-85,NA,NA
PREDICT_AdV-86,predict_adv-86,NA,NA
PREDICT_AdV-90,adenovirus predict_adv-90,NA,MK391611
PREDICT_MAstV-13,predict_mastv-13,mamastrovirus,KX858375
PREDICT_CoV-23,coronavirus predict cov-23,betacoronavirus,"KX284918, KX284921, KX284922, KX284923, KX284926"
PREDICT_MAstV-13,predict_mastv-13,mamastrovirus,"KX858373, KX858378, KX858379, KX858380"
PREDICT_MAstV-184,predict_mastv-184,mamastrovirus,"KX858374, KX858377"
PREDICT_MAstV-190,predict_mastv-190,mamastrovirus,KX858376
PREDICT_CoV-23,coronavirus predict cov-23,betacoronavirus,KX284934
PREDICT_HV-43,predict_hv-43,NA,NA
PREDICT_HV-76,predict_hv-76,NA,NA
PREDICT_MAstV-114,predict_mastv-114,mamastrovirus,KX858348
PREDICT_HV-85,predict_hv-85,NA,NA
PREDICT_HV-60,predict_hv-60,NA,NA
PREDICT_MAstV-88,predict_mastv-88,mamastrovirus,KY054084
PREDICT_MAstV-89,predict_mastv-89,mamastrovirus,"KY054086, KY054085"
PREDICT_PMV-15,paramyxovirus predict_pmv-15,NA,"KP963859, KP963860, KP963861"
PREDICT_HV-52,predict_hv-52,NA,NA
PREDICT_PyV-37,predict_pyv-37,NA,NA
PREDICT_HV-19,predict_hv-19,NA,NA
PREDICT_Lenti-3,predict_lenti-3,lentivirus,NA
PREDICT_HV-19,predict_hv-19,NA,NA
PREDICT_HV-27,predict_hv-27,NA,NA
PREDICT_PMV-68,paramyxovirus predict_pmv-68,NA,KP963903
PREDICT_MAstV-20,predict_mastv-20,mamastrovirus,KY054156
PREDICT_MAstV-58,predict_mastv-58,mamastrovirus,KY054160
PREDICT_MAstV-61,predict_mastv-61,mamastrovirus,KY054170
PREDICT_MAstV-67,predict_mastv-67,mamastrovirus,KY054181
PREDICT_MAstV-58,predict_mastv-58,mamastrovirus,"KY054161, KY054162"
PREDICT_MAstV-67,predict_mastv-67,mamastrovirus,KY054180
PREDICT_CoV-22,predict_cov-22,NA,NA
PREDICT_CoV-24,predict_cov-24,NA,NA
PREDICT_CoV-27,predict_cov-27,NA,NA
PREDICT_MAstV-27,predict_mastv-27,mamastrovirus,KY054158
PREDICT_MAstV-65,predict_mastv-65,mamastrovirus,KY054175
PREDICT_MAstV-66,predict_mastv-66,mamastrovirus,"KY054178, KY054179"
PREDICT_MAstV-67,predict_mastv-67,mamastrovirus,"KY054182, KY054183, KY054184"
PREDICT_MAstV-68,predict_mastv-68,mamastrovirus,KY054185
PREDICT_MAstV-69,predict_mastv-69,mamastrovirus,"KY054186, KY054187, KY054188"
PREDICT_MAstV-70,predict_mastv-70,mamastrovirus,"KY054189, KY054190, KY054191"
PREDICT_MAstV-72,predict_mastv-72,mamastrovirus,"KY054194, KY054195, KY054196, KY054197"
PREDICT_PMV-14,paramyxovirus predict_pmv-14,NA,"KP963878, KP963879"
PREDICT_PMV-17,paramyxovirus predict_pmv-17,NA,KP963880
PREDICT_PMV-27,paramyxovirus predict_pmv-27,NA,KP963881
PREDICT_AdV-52,adenovirus predict_adv-52,NA,MK326046
PREDICT_HV-34,predict_hv-34,NA,NA
PREDICT_PMV-68,paramyxovirus predict_pmv-68,NA,KP963904
PREDICT_HV-30,predict_hv-30,NA,NA
PREDICT_HV-35,predict_hv-35,NA,NA
PREDICT_AdV-47,adenovirus predict_adv-47,NA,MK326040
PREDICT_HV-34,predict_hv-34,NA,NA
PREDICT_HV-35,predict_hv-35,NA,NA
PREDICT_HV-39,predict_hv-39,NA,NA
PREDICT_HV-41,predict_hv-41,NA,NA
PREDICT_PMV-68,paramyxovirus predict_pmv-68,NA,KP963902
PREDICT_CoV-26,predict_cov-26,NA,NA
PREDICT_MAstV-59,predict_mastv-59,mamastrovirus,KY054163
PREDICT_MAstV-60,predict_mastv-60,mamastrovirus,"KY054164, KY054165, KY054166"
PREDICT_MAstV-71,predict_mastv-71,mamastrovirus,KY054193
PREDICT_MAstV-75,predict_mastv-75,mamastrovirus,KY054201
PREDICT_MAstV-79,predict_mastv-79,mamastrovirus,KY054205
PREDICT_MAstV-76,predict_mastv-76,mamastrovirus,KY054202
PREDICT_AdV-77,adenovirus predict_adv-77,NA,MK325763
PREDICT_HV-52,predict_hv-52,NA,NA
PREDICT_CoV-72,predict_cov-72,NA,NA
PREDICT_PMV-77,predict_pmv-77,NA,NA
PREDICT_HV-29,predict_hv-29,NA,NA
PREDICT_CoV-25,predict_cov-25,NA,NA
PREDICT_MAstV-15,predict_mastv-15,mamastrovirus,KY054110
PREDICT_MAstV-73,predict_mastv-73,mamastrovirus,"KY054198, KY054199"
PREDICT_MAstV-74,predict_mastv-74,mamastrovirus,KY054200
PREDICT_MAstV-80,predict_mastv-80,mamastrovirus,KY054206
PREDICT_PMV-77,predict_pmv-77,NA,NA
PREDICT_CoV-35,predict_cov-35,NA,NA
PREDICT_MAstV-61,predict_mastv-61,mamastrovirus,"KY054169, KY054167, KY054168"
PREDICT_MAstV-62,predict_mastv-62,mamastrovirus,KY054171
PREDICT_MAstV-63,predict_mastv-63,mamastrovirus,KY054172
PREDICT_MAstV-64,predict_mastv-64,mamastrovirus,"KY054173, KY054174"
PREDICT_MAstV-71,predict_mastv-71,mamastrovirus,KY054192
PREDICT_MAstV-77,predict_mastv-77,mamastrovirus,KY054203
PREDICT_MAstV-78,predict_mastv-78,mamastrovirus,KY054204
PREDICT_HV-18,predict_hv-18,NA,NA
PREDICT_HV-49,predict_hv-49,NA,NA
PREDICT_MAstV-110,predict_mastv-110,mamastrovirus,KY054390
PREDICT_MAstV-121,predict_mastv-121,mamastrovirus,KY054419
PREDICT_CoV-46,predict_cov-46,NA,NA
PREDICT_HV-38,predict_hv-38,NA,NA
PREDICT_HV-45,predict_hv-45,NA,NA
PREDICT_HV-49,predict_hv-49,NA,NA
PREDICT_HV-29,predict_hv-29,NA,NA
PREDICT_HV-49,predict_hv-49,NA,NA
PREDICT_RbdV-7,predict_rbdv-7,NA,MG956832
PREDICT_PyV-28,polyomavirus predict_pyv-28,NA,MK489410
PREDICT_CoV-53,coronavirus predict cov-53,alphacoronavirus,"KX286287, KX286288, KX286289, KX286291, KX286292"
PREDICT_HV-31,predict_hv-31,NA,NA
PREDICT_HV-33,predict_hv-33,NA,NA
PREDICT_HV-39,predict_hv-39,NA,NA
PREDICT_RbdV-8,predict_rbdv-8,NA,MG956833
PREDICT_MAstV-21,predict_mastv-21,mamastrovirus,KX858466
PREDICT_HV-31,predict_hv-31,NA,NA
PREDICT_AdV-32,adenovirus predict_adv-32,NA,MK326041
PREDICT_HV-49,predict_hv-49,NA,NA
PREDICT_MAstV-84,predict_mastv-84,mamastrovirus,"KY054065, KY054066, KY054067"
PREDICT_MAstV-86,predict_mastv-86,mamastrovirus,"KY054069, KY054070, KY054071, KY054072, KY054073, KY054074, KY054075, KY054076, KY054077, KY054079, KY054080, KY054081, KY054078"
PREDICT_AdV-75,adenovirus predict_adv-75,NA,"MK325968, MK325970, MK325971, MK325972, MK325973, MK325921, MK325925, MK325929, MK325930, MK325965"
PREDICT_HV-49,predict_hv-49,NA,NA
PREDICT_MAstV-110,predict_mastv-110,mamastrovirus,"KY054392, KY054393, KY054394, KY054395, KY054396, KY054397, KY054398, KY054399, KY054400, KY054401, KY054402, KY054403, KY054404, KY054405, KY054408, KY054409, KY054412, KY054413"
PREDICT_MAstV-121,predict_mastv-121,mamastrovirus,"KY054421, KY054422, KY054423, KY054424, KY054425, KY054426"
PREDICT_HV-31,predict_hv-31,NA,NA
PREDICT_HV-33,predict_hv-33,NA,NA
PREDICT_HV-42,predict_hv-42,NA,NA
PREDICT_HV-50,predict_hv-50,NA,NA
PREDICT_MAstV-87,predict_mastv-87,mamastrovirus,"KY054082, KY054083"
PREDICT_AdV-75,adenovirus predict_adv-75,NA,"MK325966, MK325967, MK325969, MK325922, MK325923, MK325924, MK325926, MK325927, MK325928"
PREDICT_HV-49,predict_hv-49,NA,NA
PREDICT_MAstV-110,predict_mastv-110,mamastrovirus,"KY054391, KY054414, KY054415, KY054416"
PREDICT_MAstV-121,predict_mastv-121,mamastrovirus,KY054420
PREDICT_HV-49,predict_hv-49,NA,NA
PREDICT_HV-38,predict_hv-38,NA,NA
PREDICT_HV-37,predict_hv-37,NA,NA
PREDICT_AdV-75,adenovirus predict_adv-75,NA,MK326019
PREDICT_AdV-75,adenovirus predict_adv-75,NA,"MK325942, MK325989"
PREDICT_MAstV-110,predict_mastv-110,mamastrovirus,"KY054326, KY054340"
PREDICT_MAstV-48,predict_mastv-48,mamastrovirus,"KY053979, KY053980"
PREDICT_CoV-20,coronavirus predict cov-20,betacoronavirus,KX286249
PREDICT_Flavi-4,predict_flavi-4,flavivirus,NA
PREDICT_MAstV-41,predict_mastv-41,mamastrovirus,KY053991
PREDICT_MAstV-45,predict_mastv-45,mamastrovirus,"KY053983, KY053985"
PREDICT_MAstV-46,predict_mastv-46,mamastrovirus,KY053982
PREDICT_MAstV-47,predict_mastv-47,mamastrovirus,KY053981
PREDICT_PMV-24,paramyxovirus predict_pmv-24,NA,"KP963829, KP963830"
PREDICT_RbdV-1,predict_rbdv-1,NA,MG956845
PREDICT_RbdV-4,predict_rbdv-4,NA,MG956844
PREDICT_MAstV-45,predict_mastv-45,mamastrovirus,KY053984
PREDICT_MAstV-49,predict_mastv-49,mamastrovirus,KY053978
PREDICT_AdV-75,adenovirus predict_adv-75,NA,MK326021
PREDICT_AdV-75,adenovirus predict_adv-75,NA,"MK326006, MK325949, MK325953, MK325955, MK326001, MK326014"
PREDICT_MAstV-110,predict_mastv-110,mamastrovirus,"KY054353, KY054355, KY054359, KY054383, KY054384"
PREDICT_AdV-75,adenovirus predict_adv-75,NA,MK326013
PREDICT_MAstV-110,predict_mastv-110,mamastrovirus,KY054338
PREDICT_AdV-43,adenovirus predict_adv-43,NA,"MK326039, MK326042, MK326045"
PREDICT_HV-32,predict_hv-32,NA,NA
PREDICT_HV-36,predict_hv-36,NA,NA
PREDICT_HV-39,predict_hv-39,NA,NA
PREDICT_AdV-55,adenovirus predict_adv-55,NA,MK391619
PREDICT_HV-99,predict_hv-99,NA,NA
PREDICT_MAstV-110,predict_mastv-110,mamastrovirus,KY054339
PREDICT_CoV-28,coronavirus predict cov-28,alphacoronavirus,KX286252
PREDICT_Flavi-5,predict_flavi-5,flavivirus,NA
PREDICT_MAstV-29,predict_mastv-29,mamastrovirus,KY054005
PREDICT_MAstV-30,predict_mastv-30,mamastrovirus,KY054004
PREDICT_MAstV-32,predict_mastv-32,mamastrovirus,KY054002
PREDICT_MAstV-34,predict_mastv-34,mamastrovirus,KY054000
PREDICT_MAstV-35,predict_mastv-35,mamastrovirus,KY053999
PREDICT_MAstV-36,predict_mastv-36,mamastrovirus,KY053998
PREDICT_MAstV-37,predict_mastv-37,mamastrovirus,KY053997
PREDICT_MAstV-38,predict_mastv-38,mamastrovirus,"KY053995, KY053996"
PREDICT_MAstV-39,predict_mastv-39,mamastrovirus,"KY053993, KY053994"
PREDICT_MAstV-40,predict_mastv-40,mamastrovirus,KY053992
PREDICT_Phlebo-1,predict_phlebo-1,phleboviridae,NA
PREDICT_PMV-19,paramyxovirus predict_pmv-19,NA,KP963828
PREDICT_AdV-73,adenovirus predict_adv-73,NA,"MK326027, MK326023, MK326024, MK326025, MK326026"
PREDICT_AdV-74,adenovirus predict_adv-74,NA,"MK325916, MK325917, MK325918, MK325919, MK325920"
PREDICT_AdV-75,adenovirus predict_adv-75,NA,"MK325911, MK325912, MK325913, MK325915, MK325931, MK325932, MK325933, MK325934, MK325958, MK325959, MK325960, MK325961, MK325962, MK325963, MK325964, MK325976, MK325977, MK325978, MK326003, MK326004, MK326005, MK326007, MK326008, MK326009, MK326010, MK326011, MK326012, MK326028, MK326029, MK325935, MK325936, MK325937, MK325938, MK325939, MK325940, MK325945, MK325946, MK325947, MK325948, MK325950, MK325951, MK325952, MK325954, MK325956, MK325957, MK325979, MK325980, MK325981, MK325982, MK325983, MK325984, MK325985, MK325986, MK325987, MK325992, MK325993, MK325994, MK325995, MK325996, MK325997, MK325998, MK325999, MK326000, MK326002, MK326015, MK326016, MK326017, MK326018, MK326022"
PREDICT_HV-99,predict_hv-99,NA,NA
PREDICT_MAstV-110,predict_mastv-110,mamastrovirus,"KY054333, KY054335, KY054336, KY054350, KY054351, KY054352, KY054354, KY054356, KY054357, KY054358, KY054360, KY054385, KY054386, KY054387, KY054372, KY054373, KY054374, KY054375, KY054376, KY054377, KY054378, KY054379, KY054380, KY054337, KY054319, KY054321, KY054328, KY054329, KY054322, KY054323, KY054324, KY054325, KY054341, KY054342, KY054343, KY054344, KY054345, KY054346, KY054347, KY054348, KY054349, KY054361, KY054362, KY054363, KY054364, KY054365, KY054366, KY054367, KY054368, KY054369, KY054370, KY054371"
PREDICT_MAstV-121,predict_mastv-121,mamastrovirus,"KY054331, KY054332, KY054406, KY054407, KY054410, KY054411, KY054320, KY054330"
PREDICT_HV-14,predict_hv-14,NA,NA
PREDICT_AdV-75,adenovirus predict_adv-75,NA,"MK325974, MK325975, MK325941, MK325943, MK325944, MK325988, MK325990, MK325991, MK325914, MK326020"
PREDICT_HV-49,predict_hv-49,NA,NA
PREDICT_HV-99,predict_hv-99,NA,NA
PREDICT_MAstV-110,predict_mastv-110,mamastrovirus,"KY054334, KY054382, KY054388, KY054389, KY054327, KY054381"
PREDICT_MAstV-121,predict_mastv-121,mamastrovirus,"KY054417, KY054418"
PREDICT_AdV-31,adenovirus predict_adv-31,NA,"MK326043, MK326044"
PREDICT_CoV-21,coronavirus predict cov-21,alphacoronavirus,"KX284930, KX286248"
PREDICT_CoV-29,coronavirus predict cov-29,alphacoronavirus,"KX286250, KX286251, KX286254, KX286256"
PREDICT_MAstV-31,predict_mastv-31,mamastrovirus,KY054003
PREDICT_MAstV-33,predict_mastv-33,mamastrovirus,KY054001
PREDICT_MAstV-42,predict_mastv-42,mamastrovirus,KY053990
PREDICT_MAstV-43,predict_mastv-43,mamastrovirus,KY053989
PREDICT_MAstV-50,predict_mastv-50,mamastrovirus,"KY053968, KY053969, KY053970, KY053971, KY053972, KY053973, KY053974, KY053975, KY053976, KY053977"
PREDICT_MAstV-51,predict_mastv-51,mamastrovirus,KY053967
PREDICT_MAstV-52,predict_mastv-52,mamastrovirus,"KY053965, KY053966"
PREDICT_MAstV-53,predict_mastv-53,mamastrovirus,KY053964
PREDICT_MAstV-54,predict_mastv-54,mamastrovirus,"KY053943, KY053945, KY053946, KY053947, KY053948, KY053949, KY053950, KY053951, KY053952, KY053953, KY053954, KY053955, KY053956, KY053957, KY053958, KY053959, KY053960, KY053961, KY053962, KY053963"
PREDICT_MAstV-81,predict_mastv-81,mamastrovirus,KY053942
PREDICT_PMV-11,paramyxovirus predict_pmv-11,NA,KP963823
PREDICT_PMV-12,paramyxovirus predict_pmv-12,NA,KP963824
PREDICT_PMV-16,paramyxovirus predict_pmv-16,NA,"KP963825, KP963826, KP963827"
PREDICT_PMV-26,paramyxovirus predict_pmv-26,NA,"KP963831, KP963832"
PREDICT_RbdV-2,predict_rbdv-2,NA,MG956846
PREDICT_CoV-48,coronavirus predict cov-48,alphacoronavirus,"KX285221, KX285222"
PREDICT_MAstV-106,predict_mastv-106,mamastrovirus,KY054463
PREDICT_MAstV-105,predict_mastv-105,mamastrovirus,KY054462
PREDICT_CoV-56,coronavirus predict cov-56,betacoronavirus,KX286290
PREDICT_MAstV-100,predict_mastv-100,mamastrovirus,KY054448
PREDICT_MAstV-102,predict_mastv-102,mamastrovirus,"KY054455, KY054456, KY054457"
PREDICT_MAstV-103,predict_mastv-103,mamastrovirus,KY054458
PREDICT_MAstV-95,predict_mastv-95,mamastrovirus,"KY054512, KY054513"
PREDICT_MAstV-96,predict_mastv-96,mamastrovirus,KY054514
PREDICT_MAstV-97,predict_mastv-97,mamastrovirus,KY054515
PREDICT_MAstV-98,predict_mastv-98,mamastrovirus,"KY054540, KY054541, KY054542, KY054543, KY054516, KY054517, KY054518, KY054519, KY054520, KY054521, KY054522, KY054523, KY054524, KY054525, KY054526, KY054527, KY054528, KY054529, KY054530, KY054531, KY054532, KY054533, KY054534, KY054535, KY054536, KY054537, KY054538, KY054539"
PREDICT_MAstV-99,predict_mastv-99,mamastrovirus,KY054544
PREDICT_MAstV-44,predict_mastv-44,mamastrovirus,"KY053986, KY053987, KY053988"
PREDICT_HV-24,predict_hv-24,NA,NA
PREDICT_PMV-31,paramyxovirus predict_pmv-31,NA,KP963807
PREDICT_RbdV-3,predict_rbdv-3,NA,MG956843
PREDICT_Orbi-1,predict_orbi-1,orbivirus,NA
PREDICT_MAstV-101,predict_mastv-101,mamastrovirus,"KY054449, KY054450, KY054451, KY054452, KY054453, KY054454"
PREDICT_MAstV-104,predict_mastv-104,mamastrovirus,"KY054459, KY054460"
PREDICT_PMV-65,paramyxovirus predict_pmv-65,NA,"KP963835, KP963836"
PREDICT_RbdV-16,predict_rbdv-16,NA,"MG956839, MG956840"
PREDICT_RbdV-17,predict_rbdv-17,NA,MG956841
PREDICT_RbdV-18,predict_rbdv-18,NA,MG956842
PREDICT_MAstV-105,predict_mastv-105,mamastrovirus,KY054461
PREDICT_HV-15,predict_hv-15,NA,NA
PREDICT_MAstV-54,predict_mastv-54,mamastrovirus,KY053944
PREDICT_ArenaV-1,predict_arenav-1,NA,MK215202
PREDICT_MAstV-198,predict_mastv-198,mamastrovirus,KY054428
PREDICT_CoV-64,coronavirus predict cov-64,betacoronavirus,"KX285250, KX286013"
PREDICT_MAstV-85,predict_mastv-85,mamastrovirus,KY054068
PREDICT_CoV-24,coronavirus predict cov-24,betacoronavirus,KX285755
PREDICT_HV-53,predict_hv-53,NA,NA
PREDICT_MAstV-18,predict_mastv-18,mamastrovirus,KX858471
PREDICT_MAstV-107,predict_mastv-107,mamastrovirus,KY054464
PREDICT_MAstV-65,predict_mastv-65,mamastrovirus,KY054503
PREDICT_AdV-69,predict_adv-69,NA,NA
PREDICT_AdV-84,predict_adv-84,NA,NA
PREDICT_CoV-85,predict_cov-85,NA,NA
PREDICT_AdV-89,predict_adv-89,NA,NA
PREDICT_PMV-18,paramyxovirus predict_pmv-18,NA,"KP963864, KP963865"
PREDICT_MAstV-56,predict_mastv-56,mamastrovirus,KX858382
PREDICT_HV-25,predict_hv-25,NA,NA
PREDICT_AdV-69,predict_adv-69,NA,NA
PREDICT_HV-126,predict_hv-126,NA,NA
PREDICT_HV-127,predict_hv-127,NA,NA
PREDICT_CoV-38,coronavirus predict cov-38,alphacoronavirus,KX285183
PREDICT_PMV-29,paramyxovirus predict_pmv-29,NA,KP963804
PREDICT_PMV-30,paramyxovirus predict_pmv-30,NA,KP963806
PREDICT_MAstV-187,predict_mastv-187,mamastrovirus,KY054435
PREDICT_PMV-73,paramyxovirus predict_pmv-73,NA,KP963843
PREDICT_CoV-51,coronavirus predict cov-51,betacoronavirus,"KX284939, KX286262"
PREDICT_PMV-74,paramyxovirus predict_pmv-74,NA,KP963844
PREDICT_CoV-30,coronavirus predict cov-30,betacoronavirus,KX284956
PREDICT_CoV-10,coronavirus predict cov-10,betacoronavirus,"KX285801, KX285799, KX285800"
PREDICT_CoV-51,coronavirus predict cov-51,betacoronavirus,KX286261
PREDICT_PMV-72,paramyxovirus predict_pmv-72,NA,KP963842
PREDICT_HV-63,predict_hv-63,NA,NA
PREDICT_HV-62,predict_hv-62,NA,NA
PREDICT_HV-22,predict_hv-22,NA,NA
PREDICT_RbdV-13,predict_rbdv-13,NA,MG956847
PREDICT_MAstV-130,predict_mastv-130,mamastrovirus,KY054018
PREDICT_MAstV-197,predict_mastv-197,mamastrovirus,KY054431
PREDICT_MAstV-192,predict_mastv-192,mamastrovirus,KY054430
PREDICT_MAstV-194,predict_mastv-194,mamastrovirus,KY054432
PREDICT_MAstV-193,predict_mastv-193,mamastrovirus,KY054429
PREDICT_HV-52,predict_hv-52,NA,NA
PREDICT_HV-54,predict_hv-54,NA,NA
PREDICT_MAstV-83,predict_mastv-83,mamastrovirus,"KY054006, KY054007, KY054008"
PREDICT_RbdV-12,predict_rbdv-12,NA,MG956848
PREDICT_HV-23,predict_hv-23,NA,NA
PREDICT_HV-26,predict_hv-26,NA,NA
PREDICT_MAstV-136,predict_mastv-136,mamastrovirus,"KY054552, KY054553, KY054554"
PREDICT_MAstV-4,predict_mastv-4,mamastrovirus,KY054561
PREDICT_PMV-25,paramyxovirus predict_pmv-25,NA,KP963833
PREDICT_CoV-17,predict_cov-17,NA,NA
PREDICT_HV-58,predict_hv-58,NA,NA
PREDICT_PMV-58,paramyxovirus predict_pmv-58,NA,KP963915
PREDICT_MAstV-119,predict_mastv-119,mamastrovirus,"KY054559, KY054560"
PREDICT_MAstV-120,predict_mastv-120,mamastrovirus,"KY054557, KY054558"
PREDICT_PMV-13,paramyxovirus predict_pmv-13,NA,"KP963784, KP963785, KP963786, KP963787, KP963791, KP963792"
PREDICT_AaV-1,predict_aav-1,dependoparvovirus,NA
PREDICT_AaV-10,predict_aav-10,dependoparvovirus,NA
PREDICT_AaV-11,predict_aav-11,dependoparvovirus,NA
PREDICT_AaV-3,predict_aav-3,dependoparvovirus,NA
PREDICT_AaV-4,predict_aav-4,dependoparvovirus,NA
PREDICT_AaV-5,predict_aav-5,dependoparvovirus,NA
PREDICT_AaV-6,predict_aav-6,dependoparvovirus,NA
PREDICT_AaV-7,predict_aav-7,dependoparvovirus,NA
PREDICT_AaV-8,predict_aav-8,dependoparvovirus,NA
PREDICT_AaV-9,predict_aav-9,dependoparvovirus,NA
PREDICT_AdV-55,predict_adv-55,NA,NA
PREDICT_AdV-69,predict_adv-69,NA,NA
PREDICT_AdV-72,predict_adv-72,NA,NA
PREDICT_BoV-1,predict_bov-1,bocaparvovirus,NA
PREDICT_CoV-49,predict_cov-49,NA,NA
PREDICT_MAstV-112,predict_mastv-112,mamastrovirus,NA
PREDICT_MAstV-113,predict_mastv-113,mamastrovirus,NA
PREDICT_MAstV-122,predict_mastv-122,mamastrovirus,NA
PREDICT_MAstV-123,predict_mastv-123,mamastrovirus,NA
PREDICT_MAstV-125,predict_mastv-125,mamastrovirus,NA
PREDICT_MAstV-126,predict_mastv-126,mamastrovirus,NA
PREDICT_MAstV-127,predict_mastv-127,mamastrovirus,NA
PREDICT_MAstV-128,predict_mastv-128,mamastrovirus,NA
PREDICT_MNV-1,predict_mnv-1,norovirus,NA
PREDICT_Orbi-6,predict_orbi-6,orbivirus,NA
PREDICT_PapV-1,predict_papv-1,NA,NA
PREDICT_PbV-1,picobirnavirus predict_pbv-1,NA,"KT334810, KT334811, KT334812, KT334813, KT334814, KT334815, KT334816, KT334817, KT334818, KT334819, KT334820"
PREDICT_PbV-100,picobirnavirus predict_pbv-100,NA,KT335184
PREDICT_PbV-101,picobirnavirus predict_pbv-101,NA,"KT335185, KT335186, KT335187, KT335188, KT335189, KT335190, KT335191, KT335192"
PREDICT_PbV-102,picobirnavirus predict_pbv-102,NA,"KT335193, KT335194, KT335195"
PREDICT_PbV-105,picobirnavirus predict_pbv-105,NA,KT335200
PREDICT_PbV-106,picobirnavirus predict_pbv-106,NA,"KT335201, KT335202, KT335203, KT335204, KT335205, KT335206, KT335207, KT335208, KT335209, KT335210, KT335211, KT335212, KT335213, KT335214, KT335215, KT335216"
PREDICT_PbV-107,picobirnavirus predict_pbv-107,NA,"KT335217, KT335218, KT335219, KT335220"
PREDICT_PbV-108,picobirnavirus predict_pbv-108,NA,KT335221
PREDICT_PbV-109,picobirnavirus predict_pbv-109,NA,"KT335222, KT335223, KT335224, KT335225, KT335226, KT335227, KT335228, KT335229, KT335230, KT335231, KT335232, KT335233, KT335234"
PREDICT_PbV-110,picobirnavirus predict_pbv-110,NA,"KT335235, KT335236"
PREDICT_PbV-111,picobirnavirus predict_pbv-111,NA,KT335237
PREDICT_PbV-113,picobirnavirus predict_pbv-113,NA,"KT335241, KT335242"
PREDICT_PbV-114,picobirnavirus predict_pbv-114,NA,"KT335244, KT335245, KT335246, KT335247, KT335248, KT335243"
PREDICT_PbV-115,picobirnavirus predict_pbv-115,NA,KT335249
PREDICT_PbV-117,picobirnavirus predict_pbv-117,NA,KT335252
PREDICT_PbV-119,picobirnavirus predict_pbv-119,NA,KT335257
PREDICT_PbV-12,picobirnavirus predict_pbv-12,NA,"KT334866, KT334867, KT334868, KT334869, KT334870, KT334871, KT334872, KT334873, KT334874, KT334875, KT334876, KT334877, KT334878, KT334879, KT334880, KT334881, KT334882"
PREDICT_PbV-120,picobirnavirus predict_pbv-120,NA,KT335258
PREDICT_PbV-121,picobirnavirus predict_pbv-121,NA,KT335259
PREDICT_PbV-14,picobirnavirus predict_pbv-14,NA,"KT334888, KT334889, KT334890, KT334891, KT334885, KT334886, KT334887"
PREDICT_PbV-16,picobirnavirus predict_pbv-16,NA,"KT334895, KT334896"
PREDICT_PbV-17,picobirnavirus predict_pbv-17,NA,KT334897
PREDICT_PbV-19,picobirnavirus predict_pbv-19,NA,"KT334900, KT334901"
PREDICT_PbV-2,picobirnavirus predict_pbv-2,NA,"KT334821, KT334822, KT334823, KT334824, KT334825, KT334826"
PREDICT_PbV-21,picobirnavirus predict_pbv-21,NA,KT334903
PREDICT_PbV-26,picobirnavirus predict_pbv-26,NA,"KT334911, KT334912, KT334913, KT334914"
PREDICT_PbV-27,picobirnavirus predict_pbv-27,NA,KT334915
PREDICT_PbV-3,picobirnavirus predict_pbv-3,NA,KT334827
PREDICT_PbV-30,picobirnavirus predict_pbv-30,NA,KT334919
PREDICT_PbV-31,picobirnavirus predict_pbv-31,NA,"KT334920, KT334921, KT334922, KT334923, KT334924, KT334925, KT334926, KT334927, KT334928, KT334929, KT334930, KT334931, KT334932"
PREDICT_PbV-33,picobirnavirus predict_pbv-33,NA,KT334936
PREDICT_PbV-34,picobirnavirus predict_pbv-34,NA,KT334937
PREDICT_PbV-35,picobirnavirus predict_pbv-35,NA,KT334938
PREDICT_PbV-36,picobirnavirus predict_pbv-36,NA,KT334939
PREDICT_PbV-37,picobirnavirus predict_pbv-37,NA,"KT334940, KT334941, KT334942, KT334943, KT334944"
PREDICT_PbV-38,picobirnavirus predict_pbv-38,NA,"KT334957, KT334958, KT334959, KT334960, KT334945, KT334946, KT334947, KT334948, KT334949, KT334950, KT334951, KT334953, KT334954, KT334955, KT334956, KT334952"
PREDICT_PbV-4,picobirnavirus predict_pbv-4,NA,"KT334840, KT334841, KT334828, KT334829, KT334830, KT334831, KT334832, KT334833, KT334834, KT334835, KT334836, KT334837, KT334838, KT334839"
PREDICT_PbV-41,picobirnavirus predict_pbv-41,NA,"KT334963, KT334964, KT334965, KT334966"
PREDICT_PbV-42,picobirnavirus predict_pbv-42,NA,"KT334968, KT334967"
PREDICT_PbV-43,picobirnavirus predict_pbv-43,NA,"KT334969, KT334970, KT334971, KT334972"
PREDICT_PbV-44,picobirnavirus predict_pbv-44,NA,KT334973
PREDICT_PbV-45,picobirnavirus predict_pbv-45,NA,"KT334974, KT334975, KT334976, KT334977, KT334978"
PREDICT_PbV-46,picobirnavirus predict_pbv-46,NA,"KT334980, KT334981, KT334982, KT334983, KT334979"
PREDICT_PbV-48,picobirnavirus predict_pbv-48,NA,"KT334990, KT334991, KT334992, KT334986, KT334987, KT334988, KT334989"
PREDICT_PbV-5,picobirnavirus predict_pbv-5,NA,"KT334842, KT334843"
PREDICT_PbV-50,picobirnavirus predict_pbv-50,NA,"KT334994, KT334995, KT334996"
PREDICT_PbV-55,picobirnavirus predict_pbv-55,NA,KT335012
PREDICT_PbV-56,predict_pbv-56,NA,NA
PREDICT_PbV-59,picobirnavirus predict_pbv-59,NA,"KT335033, KT335034"
PREDICT_PbV-6,picobirnavirus predict_pbv-6,NA,"KT334844, KT334845, KT334846, KT334847, KT334848, KT334849, KT334850, KT334851, KT334852"
PREDICT_PbV-60,picobirnavirus predict_pbv-60,NA,"KT335035, KT335036, KT335037"
PREDICT_PbV-61,picobirnavirus predict_pbv-61,NA,"KT335042, KT335043, KT335044, KT335038, KT335039, KT335040, KT335041"
PREDICT_PbV-62,picobirnavirus predict_pbv-62,NA,KT335045
PREDICT_PbV-68,picobirnavirus predict_pbv-68,NA,"KT335051, KT335052"
PREDICT_PbV-71,picobirnavirus predict_pbv-71,NA,KT335055
PREDICT_PbV-72,picobirnavirus predict_pbv-72,NA,KT335056
PREDICT_PbV-76,picobirnavirus predict_pbv-76,NA,"KT335061, KT335062, KT335063"
PREDICT_PbV-77,picobirnavirus predict_pbv-77,NA,"KT335064, KT335065, KT335066, KT335067, KT335068, KT335069, KT335070"
PREDICT_PbV-78,picobirnavirus predict_pbv-78,NA,"KT335071, KT335072, KT335073, KT335074, KT335075"
PREDICT_PbV-8,picobirnavirus predict_pbv-8,NA,"KT334854, KT334855"
PREDICT_PbV-80,picobirnavirus predict_pbv-80,NA,"KT335084, KT335085, KT335086, KT335087, KT335088, KT335089, KT335090, KT335091, KT335092, KT335093, KT335094, KT335117, KT335118, KT335119, KT335120, KT335121, KT335077, KT335078, KT335079, KT335080, KT335081, KT335082, KT335083, KT335095, KT335096, KT335097, KT335098, KT335099, KT335100, KT335101, KT335102, KT335103, KT335104, KT335105, KT335106, KT335107, KT335108, KT335109, KT335110, KT335111, KT335112, KT335113, KT335114, KT335115, KT335116"
PREDICT_PbV-81,picobirnavirus predict_pbv-81,NA,KT335122
PREDICT_PbV-86,picobirnavirus predict_pbv-86,NA,"KT335132, KT335133, KT335134, KT335135"
PREDICT_PbV-87,picobirnavirus predict_pbv-87,NA,"KT335136, KT335137"
PREDICT_PbV-88,picobirnavirus predict_pbv-88,NA,"KT335138, KT335139, KT335140"
PREDICT_PbV-89,picobirnavirus predict_pbv-89,NA,"KT335141, KT335142"
PREDICT_PbV-91,picobirnavirus predict_pbv-91,NA,KT335147
PREDICT_PbV-92,picobirnavirus predict_pbv-92,NA,"KT335149, KT335150, KT335151, KT335152, KT335148"
PREDICT_PbV-93,picobirnavirus predict_pbv-93,NA,KT335153
PREDICT_PbV-94,picobirnavirus predict_pbv-94,NA,"KT335154, KT335155, KT335156, KT335157, KT335158, KT335159, KT335160, KT335161, KT335162, KT335163, KT335164, KT335165, KT335166, KT335167, KT335168"
PREDICT_PbV-95,picobirnavirus predict_pbv-95,NA,"KT335169, KT335170, KT335171"
PREDICT_PbV-96,picobirnavirus predict_pbv-96,NA,"KT335175, KT335176"
PREDICT_PbV-97,picobirnavirus predict_pbv-97,NA,KT335179
PREDICT_PbV-98,picobirnavirus predict_pbv-98,NA,"KT335182, KT335180, KT335181"
PREDICT_PbV-99,picobirnavirus predict_pbv-99,NA,KT335183
PREDICT_Picorna-1,predict_picorna-1,NA,NA
PREDICT_Picorna-2,predict_picorna-2,NA,NA
PREDICT_Picorna-3,predict_picorna-3,NA,NA
PREDICT_Picorna-4,predict_picorna-4,NA,NA
PREDICT_PosaV-1,predict_posav-1,NA,NA
PREDICT_PosaV-2,predict_posav-2,NA,NA
PREDICT_PosaV-3,predict_posav-3,NA,NA
PREDICT_PosaV-4,predict_posav-4,NA,NA
PREDICT_PyV-31,polyomavirus predict_pyv-31,NA,"KT599738, KC692401, KT599740"
PREDICT_RbdV-15,rhabdovirus predict_rbdv-15,NA,KT599640
PREDICT_CoV-37,coronavirus predict cov-37,alphacoronavirus,"KX285137, KX285138, KX285140, KX285142, KX285145, KX285147, KX285149, KX285151"
PREDICT_MAstV-109,predict_mastv-109,mamastrovirus,"KY054483, KY054484, KY054473, KY054474, KY054475, KY054476, KY054477, KY054478, KY054479, KY054480, KY054481, KY054482, KY054466, KY054467, KY054468, KY054469, KY054470, KY054471, KY054472"
PREDICT_HV-52,predict_hv-52,NA,NA
PREDICT_CoV-34,coronavirus predict cov-34,betacoronavirus,KX285763
PREDICT_CoV-23,coronavirus predict cov-23,betacoronavirus,KX285067
PREDICT_Flavi-1,predict_flavi-1,flavivirus,NA
PREDICT_MAstV-20,predict_mastv-20,mamastrovirus,"KX858384, KX858388, KX858391"
PREDICT_MAstV-24,predict_mastv-24,mamastrovirus,KX858386
PREDICT_PyV-34,polyomavirus predict_pyv-34,NA,MK489409
PREDICT_HV-127,predict_hv-127,NA,NA
PREDICT_CoV-32,coronavirus predict cov-32,NA,KX284981
PREDICT_MAstV-195,predict_mastv-195,mamastrovirus,KY054433
PREDICT_MAstV-199,predict_mastv-199,mamastrovirus,KY054434
PREDICT_HV-21,predict_hv-21,NA,NA
PREDICT_MAstV-21,predict_mastv-21,mamastrovirus,KY054157
PREDICT_MAstV-57,predict_mastv-57,mamastrovirus,KY054159
PREDICT_AaV-2,predict_aav-2,dependoparvovirus,NA
PREDICT_AaV-3,predict_aav-3,dependoparvovirus,NA
PREDICT_CoV-49,predict_cov-49,NA,NA
PREDICT_MAstV-111,predict_mastv-111,mamastrovirus,NA
PREDICT_MAstV-117,predict_mastv-117,mamastrovirus,NA
PREDICT_MAstV-118,predict_mastv-118,mamastrovirus,NA
PREDICT_MAstV-124,predict_mastv-124,mamastrovirus,NA
PREDICT_MAstV-137,predict_mastv-137,mamastrovirus,NA
PREDICT_MAstV-57,predict_mastv-57,mamastrovirus,NA
PREDICT_Orbi-6,predict_orbi-6,orbivirus,NA
PREDICT_PbV-10,picobirnavirus predict_pbv-10,NA,"KT334857, KT334858, KT334859"
PREDICT_PbV-103,picobirnavirus predict_pbv-103,NA,KT335196
PREDICT_PbV-104,picobirnavirus predict_pbv-104,NA,"KT335197, KT335198, KT335199"
PREDICT_PbV-11,picobirnavirus predict_pbv-11,NA,"KT334860, KT334861, KT334862, KT334863, KT334864, KT334865"
PREDICT_PbV-112,picobirnavirus predict_pbv-112,NA,"KT335238, KT335239, KT335240"
PREDICT_PbV-116,picobirnavirus predict_pbv-116,NA,"KT335250, KT335251"
PREDICT_PbV-118,picobirnavirus predict_pbv-118,NA,"KT335253, KT335254, KT335255, KT335256"
PREDICT_PbV-13,picobirnavirus predict_pbv-13,NA,"KT334884, KT334883"
PREDICT_PbV-15,picobirnavirus predict_pbv-15,NA,"KT334892, KT334893, KT334894"
PREDICT_PbV-18,picobirnavirus predict_pbv-18,NA,"KT334898, KT334899"
PREDICT_PbV-20,picobirnavirus predict_pbv-20,NA,KT334902
PREDICT_PbV-22,picobirnavirus predict_pbv-22,NA,KT334904
PREDICT_PbV-23,picobirnavirus predict_pbv-23,NA,"KT334905, KT334906, KT334907, KT334908"
PREDICT_PbV-24,picobirnavirus predict_pbv-24,NA,KT334909
PREDICT_PbV-25,picobirnavirus predict_pbv-25,NA,KT334910
PREDICT_PbV-28,picobirnavirus predict_pbv-28,NA,KT334916
PREDICT_PbV-29,picobirnavirus predict_pbv-29,NA,"KT334917, KT334918"
PREDICT_PbV-32,picobirnavirus predict_pbv-32,NA,"KT334933, KT334934, KT334935"
PREDICT_PbV-39,picobirnavirus predict_pbv-39,NA,KT334961
PREDICT_PbV-40,picobirnavirus predict_pbv-40,NA,KT334962
PREDICT_PbV-47,picobirnavirus predict_pbv-47,NA,"KT334985, KT334984"
PREDICT_PbV-49,picobirnavirus predict_pbv-49,NA,KT334993
PREDICT_PbV-51,picobirnavirus predict_pbv-51,NA,"KT334999, KT335000, KT335001, KT335002, KT335003, KT335004, KT335005, KT334997, KT334998"
PREDICT_PbV-52,picobirnavirus predict_pbv-52,NA,"KT335006, KT335007, KT335008, KT335009"
PREDICT_PbV-53,picobirnavirus predict_pbv-53,NA,KT335010
PREDICT_PbV-54,picobirnavirus predict_pbv-54,NA,KT335011
PREDICT_PbV-57,picobirnavirus predict_pbv-57,NA,"KT335029, KT335030, KT335013, KT335014, KT335015, KT335016, KT335017, KT335018, KT335019, KT335020, KT335021, KT335022, KT335023, KT335024, KT335025, KT335026, KT335027, KT335028"
PREDICT_PbV-58,picobirnavirus predict_pbv-58,NA,"KT335031, KT335032"
PREDICT_PbV-63,picobirnavirus predict_pbv-63,NA,KT335046
PREDICT_PbV-64,picobirnavirus predict_pbv-64,NA,KT335047
PREDICT_PbV-65,picobirnavirus predict_pbv-65,NA,KT335048
PREDICT_PbV-66,picobirnavirus predict_pbv-66,NA,KT335049
PREDICT_PbV-67,picobirnavirus predict_pbv-67,NA,KT335050
PREDICT_PbV-69,picobirnavirus predict_pbv-69,NA,KT335053
PREDICT_PbV-7,picobirnavirus predict_pbv-7,NA,KT334853
PREDICT_PbV-70,picobirnavirus predict_pbv-70,NA,KT335054
PREDICT_PbV-73,picobirnavirus predict_pbv-73,NA,KT335057
PREDICT_PbV-74,picobirnavirus predict_pbv-74,NA,KT335058
PREDICT_PbV-75,picobirnavirus predict_pbv-75,NA,"KT335059, KT335060"
PREDICT_PbV-79,picobirnavirus predict_pbv-79,NA,KT335076
PREDICT_PbV-82,picobirnavirus predict_pbv-82,NA,KT335123
PREDICT_PbV-83,picobirnavirus predict_pbv-83,NA,"KT335124, KT335125, KT335126, KT335127, KT335128, KT335129"
PREDICT_PbV-84,picobirnavirus predict_pbv-84,NA,KT335130
PREDICT_PbV-85,picobirnavirus predict_pbv-85,NA,KT335131
PREDICT_PbV-9,picobirnavirus predict_pbv-9,NA,KT334856
PREDICT_PbV-90,picobirnavirus predict_pbv-90,NA,"KT335143, KT335144, KT335145, KT335146"
PREDICT_PbV-96,picobirnavirus predict_pbv-96,NA,"KT335172, KT335173, KT335174, KT335177, KT335178"
PREDICT_Picorna-4,predict_picorna-4,NA,NA
PREDICT_RbdV-14,rhabdovirus predict_rbdv-14,NA,KT599641
PREDICT_PMV-13,paramyxovirus predict_pmv-13,NA,"KP963788, KP963789, KP963790"
PREDICT_SdV-1,predict_sdv-1,seadornavirus,NA
PREDICT_MAstV-116,predict_mastv-116,mamastrovirus,KY054016
PREDICT_MAstV-129,predict_mastv-129,mamastrovirus,KY054017
PREDICT_HV-22,predict_hv-22,NA,NA
PREDICT_HV-40,predict_hv-40,NA,NA
PREDICT_CoV-46,coronavirus predict cov-46,betacoronavirus,KX286014
PREDICT_MAstV-131,predict_mastv-131,mamastrovirus,KY054019
PREDICT_MAstV-133,predict_mastv-133,mamastrovirus,"KY054021, KY054022, KY054023"
PREDICT_MAstV-134,predict_mastv-134,mamastrovirus,KY054024
PREDICT_MAstV-188,predict_mastv-188,mamastrovirus,KY054042
PREDICT_MAstV-115,predict_mastv-115,mamastrovirus,"KY054014, KY054012, KY054013"
PREDICT_PMV-64,paramyxovirus predict_pmv-64,NA,KP963873
PREDICT_CoV-30,coronavirus predict cov-30,betacoronavirus,KX284984
PREDICT_CoV-37,coronavirus predict cov-37,alphacoronavirus,KX285179
PREDICT_CoV-21,coronavirus predict cov-21,alphacoronavirus,KX285350
PREDICT_MAstV-191,predict_mastv-191,mamastrovirus,KY054043
PREDICT_PMV-43,paramyxovirus predict_pmv-43,NA,KP963815
PREDICT_HV-52,predict_hv-52,NA,NA
PREDICT_AdV-25,adenovirus predict_adv-25,NA,MK325910
PREDICT_PMV-42,paramyxovirus predict_pmv-42,NA,KP963814
PREDICT_MAstV-108,predict_mastv-108,mamastrovirus,KY054465
PREDICT_CoV-37,coronavirus predict cov-37,alphacoronavirus,"KX285168, KX285169"
PREDICT_PMV-44,paramyxovirus predict_pmv-44,NA,"KP963816, KP963817"
PREDICT_MAstV-132,predict_mastv-132,mamastrovirus,KY054020
PREDICT_CoV-44,coronavirus predict cov-44,betacoronavirus,KX285826
PREDICT_CoV-66,coronavirus predict cov-66,betacoronavirus,KX285426
PREDICT_CoV-30,coronavirus predict cov-30,betacoronavirus,KX284988
PREDICT_HV-25,predict_hv-25,NA,NA
PREDICT_MAstV-19,predict_mastv-19,mamastrovirus,KX858383
PREDICT_CoV-43,coronavirus predict cov-43,betacoronavirus,"KX285821, KX285808, KX285810, KX285811, KX285813, KX285814, KX285815, KX285816"
PREDICT_CoV-65,coronavirus predict cov-65,alphacoronavirus,"KX285807, KX285809"
PREDICT_CoV-70,coronavirus predict cov-70,alphacoronavirus,KX285812
PREDICT_PMV-71,paramyxovirus predict_pmv-71,NA,KP963907
PREDICT_HV-125,predict_hv-125,NA,NA
PREDICT_CoV-35,coronavirus predict cov-35,alphacoronavirus,KX285775
PREDICT_MAstV-167,predict_mastv-167,mamastrovirus,KX858497
PREDICT_MAstV-24,predict_mastv-24,mamastrovirus,"KX858493, KX858498, KX858500, KX858501, KX858502, KX858505, KX858506, KX858509"
PREDICT_RbdV-6,predict_rbdv-6,NA,MG956835
PREDICT_CoV-11,coronavirus predict cov-11,betacoronavirus,KX285802
PREDICT_HV-74,predict_hv-74,NA,NA
PREDICT_HV-77,predict_hv-77,NA,NA
PREDICT_MAstV-160,predict_mastv-160,mamastrovirus,KY054027
PREDICT_MAstV-139,predict_mastv-139,mamastrovirus,KY054026
PREDICT_MAstV-139,predict_mastv-139,mamastrovirus,KY054025
PREDICT_MAstV-52,predict_mastv-52,mamastrovirus,KY054054
PREDICT_HV-64,predict_hv-64,NA,NA
PREDICT_PMV-56,paramyxovirus predict_pmv-56,NA,"KP963866, KP963867, KP963868, KP963869"
PREDICT_PMV-61,predict_pmv-61,NA,NA
PREDICT_PMV-74,paramyxovirus predict_pmv-74,NA,"KP963846, KP963847"
PREDICT_MAstV-161,predict_mastv-161,mamastrovirus,KY054028
PREDICT_HV-59,predict_hv-59,NA,NA
PREDICT_MAstV-58,predict_mastv-58,mamastrovirus,KY054501
PREDICT_RbdV-5,predict_rbdv-5,NA,MG956834
PREDICT_MAstV-62,predict_mastv-62,mamastrovirus,KY054502
PREDICT_MAstV-78,predict_mastv-78,mamastrovirus,KY054504
PREDICT_PMV-49,paramyxovirus predict_pmv-49,NA,KP963821
PREDICT_CoV-21,coronavirus predict cov-21,alphacoronavirus,"KX285248, KX285249, KX285876, KX285878, KX285880, KX285881, KX285884, KX285886, KX285887, KX285997, KX285227, KX285229, KX285232, KX285234, KX285235, KX285239, KX285240, KX285243, KX285244, KX286001, KX286015"
PREDICT_CoV-63,coronavirus predict cov-63,alphacoronavirus,"KX285242, KX285246, KX285247, KX285879, KX285233, KX285237, KX285238, KX285241, KX285882, KX285883, KX285885, KX285999, KX286000, KX286012"
PREDICT_MAstV-176,predict_mastv-176,mamastrovirus,"KY054029, KY054030"
PREDICT_MAstV-177,predict_mastv-177,mamastrovirus,KY054031
PREDICT_MAstV-178,predict_mastv-178,mamastrovirus,KY054032
PREDICT_MAstV-180,predict_mastv-180,mamastrovirus,KY054034
PREDICT_MAstV-181,predict_mastv-181,mamastrovirus,KY054035
PREDICT_MAstV-182,predict_mastv-182,mamastrovirus,KY054036
PREDICT_MAstV-201,predict_mastv-201,mamastrovirus,KY054048
PREDICT_MAstV-202,predict_mastv-202,mamastrovirus,"KY054049, KY054050"
PREDICT_MAstV-204,predict_mastv-204,mamastrovirus,KY054052
PREDICT_MAstV-205,predict_mastv-205,mamastrovirus,KY054053
PREDICT_MAstV-52,predict_mastv-52,mamastrovirus,"KY054055, KY054056, KY054057, KY054058"
PREDICT_MAstV-54,predict_mastv-54,mamastrovirus,"KY054059, KY054060, KY054064"
PREDICT_PMV-57,paramyxovirus predict_pmv-57,NA,KP963870
PREDICT_CoV-21,coronavirus predict cov-21,alphacoronavirus,"KX285892, KX285231"
PREDICT_CoV-63,predict_cov-63,NA,NA
PREDICT_MAstV-179,predict_mastv-179,mamastrovirus,KY054033
PREDICT_MAstV-201,predict_mastv-201,mamastrovirus,"KY054046, KY054047"
PREDICT_MAstV-203,predict_mastv-203,mamastrovirus,KY054051
PREDICT_MAstV-54,predict_mastv-54,mamastrovirus,"KY054061, KY054062, KY054063"
PREDICT_HV-97,predict_hv-97,NA,NA
PREDICT_HV-73,predict_hv-73,NA,NA
PREDICT_PMV-40,paramyxovirus predict_pmv-40,NA,"KP963811, KP963812"
PREDICT_PMV-46,paramyxovirus predict_pmv-46,NA,KP963818
PREDICT_Orbi-2,predict_orbi-2,orbivirus,NA
PREDICT_PyV-25,polyomavirus predict_pyv-25,NA,"MK463376, MK463369, MK463371"
PREDICT_PyV-25,polyomavirus predict_pyv-25,NA,"MK463373, MK463374, MK463375, MK463377, MK463378, MK463379, MK463380, MK463366, MK463367, MK463368, MK463370, MK463372"
PREDICT_PyV-14,polyomavirus predict_pyv-14,NA,"MK463381, MK463382, MK463396, MK463397"
PREDICT_PyV-24,polyomavirus predict_pyv-24,NA,"MK463403, MK463433, MK463434"
PREDICT_PyV-9,polyomavirus predict_pyv-9,NA,MK463429
PREDICT_PMV-47,paramyxovirus predict_pmv-47,NA,"KP963819, KP963820"
PREDICT_Orbi-4,predict_orbi-4,orbivirus,NA
PREDICT_PyV-15,polyomavirus predict_pyv-15,NA,"MK463387, MK463388, MK463389, MK463390"
PREDICT_PyV-22,polyomavirus predict_pyv-22,NA,"MK463383, MK463384, MK463385, MK463386"
PREDICT_PyV-23,polyomavirus predict_pyv-23,NA,"MK463391, MK463392, MK463393, MK463394, MK463395"
PREDICT_CoV-30,coronavirus predict cov-30,betacoronavirus,KX285016
PREDICT_CoV-35,coronavirus predict cov-35,alphacoronavirus,KX285021
PREDICT_CoV-59,coronavirus predict cov-59,alphacoronavirus,"KX285201, KX285202, KX285203, KX285204, KX285205, KX285206"
PREDICT_CoV-60,coronavirus predict cov-60,alphacoronavirus,KX285194
PREDICT_PMV-36,paramyxovirus predict_pmv-36,NA,KP963808
PREDICT_CoV-57,coronavirus predict cov-57,betacoronavirus,KX285219
PREDICT_PMV-29,paramyxovirus predict_pmv-29,NA,KP963805
PREDICT_MAstV-196,predict_mastv-196,mamastrovirus,KY054427
PREDICT_HV-25,predict_hv-25,NA,NA
PREDICT_Orbi-2,predict_orbi-2,orbivirus,NA
PREDICT_Orbi-5,predict_orbi-5,orbivirus,NA
PREDICT_CoV-57,coronavirus predict cov-57,betacoronavirus,"KX285209, KX285207, KX285208"
PREDICT_CoV-60,coronavirus predict cov-60,alphacoronavirus,KX285198
PREDICT_CoV-61,coronavirus predict cov-61,alphacoronavirus,"KX285210, KX285211, KX285212, KX285213"
PREDICT_PMV-41,paramyxovirus predict_pmv-41,NA,KP963813
PREDICT_PMV-39,paramyxovirus predict_pmv-39,NA,"KP963809, KP963810"
PREDICT_Orbi-3,predict_orbi-3,orbivirus,NA
PREDICT_PMV-69,paramyxovirus predict_pmv-69,NA,KP963905
PREDICT_PyV-9,polyomavirus predict_pyv-9,NA,"MK463398, MK463399, MK463400, MK463401, MK463402, MK463404, MK463405, MK463406, MK463407, MK463408, MK463455, MK463456, MK463457, MK463458, MK463459, MK463460, MK463461, MK463462, MK463463, MK463464, MK463465, MK463409, MK463410, MK463411, MK463412, MK463413, MK463414, MK463415, MK463416, MK463417, MK463418, MK463419, MK463466, MK463467, MK463468, MK463469, MK463470, MK463471, MK463472, MK463473, MK463420, MK463421, MK463422, MK463423, MK463424, MK463425, MK463426, MK463427, MK463428, MK463430, MK463444, MK463445, MK463446, MK463447, MK463448, MK463449, MK463450, MK463451, MK463452, MK463453, MK463454, MK463431, MK463432, MK463435, MK463436, MK463437, MK463438, MK463439, MK463440, MK463441, MK463442, MK463443"
PREDICT_CoV-35,coronavirus predict cov-35,alphacoronavirus,KX285030
PREDICT_CoV-35,predict_cov-35,NA,NA
PREDICT_MAstV-136,predict_mastv-136,mamastrovirus,KY054562
PREDICT_RbdV-30,predict_rbdv-30,NA,NA
PREDICT_EV-8,predict_ev-8,enterovirus,"MK215193, MK215194, MK215195, MK215181, MK215182, MK215183, MK215192"
PREDICT_EV-8,predict_ev-8,enterovirus,"MK215184, MK215185, MK215186, MK215187, MK215188, MK215189, MK215190, MK215191"
PREDICT_HV-142,predict_hv-142,NA,NA
PREDICT_HV-22,predict_hv-22,NA,NA
PREDICT_PMV-62,paramyxovirus predict_pmv-62,NA,KP963834
PREDICT_CoV-62,coronavirus predict cov-62,NA,"KX285253, KX285866"
PREDICT_MAstV-200,predict_mastv-200,mamastrovirus,KY054045
PREDICT_PMV-60,paramyxovirus predict_pmv-60,NA,KP963872
PREDICT_CoV-52,coronavirus predict cov-52,alphacoronavirus,"KX284940, KX286260"
PREDICT_PMV-74,paramyxovirus predict_pmv-74,NA,KP963845
PREDICT_PMV-75,paramyxovirus predict_pmv-75,NA,KP963848
PREDICT_MAstV-191,predict_mastv-191,mamastrovirus,KY054044
PREDICT_PMV-15,paramyxovirus predict_pmv-15,NA,"KP963862, KP963863"
PREDICT_CoV-67,coronavirus predict cov-67,betacoronavirus,"KX285038, KX285039, KX285042"
PREDICT_CoV-68,coronavirus predict cov-68,betacoronavirus,"KX285040, KX285041, KX285043, KX285044, KX285046"
PREDICT_MAstV-136,predict_mastv-136,mamastrovirus,"KY054555, KY054556, KY054563, KY054564"
PREDICT_PMV-70,paramyxovirus predict_pmv-70,NA,KP963906
PREDICT_MAstV-187,predict_mastv-187,mamastrovirus,"KY054037, KY054039, KY054041"
PREDICT_MAstV-187,predict_mastv-187,mamastrovirus,"KY054038, KY054040"
PREDICT_MAstV-115,predict_mastv-115,mamastrovirus,KY054015
PREDICT_CoV-55,coronavirus predict cov-55,betacoronavirus,KX285805
PREDICT_CoV-71,coronavirus predict cov-71,betacoronavirus,KX285806
PREDICT_HV-52,predict_hv-52,NA,NA
PREDICT_CoV-17,coronavirus predict cov-17,betacoronavirus,"KX284941, KX284942, KX286016"
PREDICT_CoV-45,coronavirus predict cov-45,alphacoronavirus,KX284944
PREDICT_CoV-55,coronavirus predict cov-55,betacoronavirus,KX285817
PREDICT_CoV-17,coronavirus predict cov-17,betacoronavirus,KX285605
PREDICT_CoV-35,coronavirus predict cov-35,alphacoronavirus,"KX286085, KX286018, KX286029, KX286129, KX286240, KX286042, KX286043, KX285617, KX286023, KX286074, KX286091, KX286125, KX285645, KX285663, KX285668, KX285671, KX285672, KX285674, KX286027, KX286045, KX286047, KX286055, KX286181, KX286242, KX285590, KX285602, KX286025, KX286158, KX286168, KX286191, KX286217, KX286218, KX286076, KX286243, KX285541, KX286189, KX286196, KX286197, KX286198, KX286209, KX286211, KX286212, KX286213, KX286224, KX285678, KX286021, KX286071"
PREDICT_PMV-13,paramyxovirus predict_pmv-13,NA,"KP963909, KP963910, KP963911, KP963912, KP963913, KP963914"
PREDICT_PMV-63,paramyxovirus predict_pmv-63,NA,"KP963916, KP963917, KP963918"
PREDICT_PMV-66,paramyxovirus predict_pmv-66,NA,"KP963920, KP963921, KP963922, KP963923, KP963919"
PREDICT_PMV-67,paramyxovirus predict_pmv-67,NA,"KP963925, KP963924"
PREDICT_RbdV-20,predict_rbdv-20,NA,"MG956864, MG956863"
PREDICT_RbdV-21,predict_rbdv-21,NA,"MG956866, MG956867, MG956868, MG956865, MG956870, MG956871, MG956869"
PREDICT_RbdV-22,predict_rbdv-22,NA,"MG956872, MG956873"
PREDICT_RbdV-23,predict_rbdv-23,NA,MG956874
PREDICT_RbdV-24,predict_rbdv-24,NA,MG956875
PREDICT_RbdV-25,predict_rbdv-25,NA,"MG956877, MG956878, MG956876"
PREDICT_RbdV-26,predict_rbdv-26,NA,"MG956880, MG956879"
PREDICT_RbdV-27,predict_rbdv-27,NA,"MG956882, MG956884, MG956883, MG956881"
PREDICT_RbdV-28,predict_rbdv-28,NA,"MG956896, MG956897, MG956898, MG956899, MG956900, MG956901, MG956886, MG956887, MG956888, MG956889, MG956916, MG956917, MG956933, MG956934, MG956935, MG956936, MG956937, MG956938, MG956945, MG956946, MG956947, MG956948, MG956949, MG956890, MG956891, MG956902, MG956903, MG956904, MG956905, MG956906, MG956912, MG956892, MG956893, MG956894, MG956895, MG956907, MG956908, MG956909, MG956910, MG956911, MG956913, MG956914, MG956915, MG956927, MG956928, MG956929, MG956885, MG956918, MG956919, MG956920, MG956921, MG956922, MG956923, MG956924, MG956925, MG956926, MG956930, MG956931, MG956932, MG956939, MG956940, MG956941, MG956942, MG956943, MG956944"
PREDICT_PMV-76,paramyxovirus predict_pmv-76,NA,KP963908
PREDICT_CoV-17,coronavirus predict cov-17,betacoronavirus,"KX285719, KX285720, KX286038"
PREDICT_CoV-35,coronavirus predict cov-35,alphacoronavirus,KX286039
PREDICT_RbdV-19,predict_rbdv-19,NA,"MG956859, MG956860, MG956861, MG956862"
PREDICT_PMV-54,paramyxovirus predict_pmv-54,NA,"KP963852, KP963854, KP963855, KP963856"
PREDICT_RbdV-5,predict_rbdv-5,NA,MG956836
PREDICT_MAstV-174,predict_mastv-174,mamastrovirus,KY054009
PREDICT_CoV-24,coronavirus predict cov-24,betacoronavirus,KX285762
PREDICT_AdV-66,adenovirus predict_adv-66,NA,MK391618
PREDICT_MAstV-141,predict_mastv-141,mamastrovirus,KY054092
PREDICT_MAstV-153,predict_mastv-153,mamastrovirus,KY054119
PREDICT_MAstV-168,predict_mastv-168,mamastrovirus,"KY054142, KY054143, KY054144, KY054146"
PREDICT_MAstV-170,predict_mastv-170,mamastrovirus,"KY054148, KY054149"
PREDICT_MAstV-171,predict_mastv-171,mamastrovirus,KY054150
PREDICT_MAstV-172,predict_mastv-172,mamastrovirus,"KY054151, KY054152, KY054154"
PREDICT_MAstV-65,predict_mastv-65,mamastrovirus,"KY054176, KY054177"
PREDICT_PMV-48,paramyxovirus predict_pmv-48,NA,KP963885
PREDICT_CoV-22,coronavirus predict cov-22,betacoronavirus,"KX285759, KX285760"
PREDICT_HV-71,predict_hv-71,NA,NA
PREDICT_MAstV-140,predict_mastv-140,mamastrovirus,"KY054090, KY054091"
PREDICT_MAstV-141,predict_mastv-141,mamastrovirus,KY054093
PREDICT_MAstV-142,predict_mastv-142,mamastrovirus,KY054094
PREDICT_MAstV-143,predict_mastv-143,mamastrovirus,"KY054095, KY054097, KY054098, KY054099, KY054100"
PREDICT_MAstV-144,predict_mastv-144,mamastrovirus,"KY054101, KY054102, KY054103, KY054104"
PREDICT_MAstV-145,predict_mastv-145,mamastrovirus,KY054105
PREDICT_MAstV-146,predict_mastv-146,mamastrovirus,KY054106
PREDICT_MAstV-147,predict_mastv-147,mamastrovirus,KY054107
PREDICT_MAstV-149,predict_mastv-149,mamastrovirus,KY054109
PREDICT_MAstV-150,predict_mastv-150,mamastrovirus,KY054111
PREDICT_MAstV-151,predict_mastv-151,mamastrovirus,KY054112
PREDICT_MAstV-152,predict_mastv-152,mamastrovirus,"KY054113, KY054115, KY054116, KY054117, KY054118"
PREDICT_MAstV-154,predict_mastv-154,mamastrovirus,KY054120
PREDICT_MAstV-155,predict_mastv-155,mamastrovirus,KY054121
PREDICT_MAstV-156,predict_mastv-156,mamastrovirus,KY054122
PREDICT_MAstV-157,predict_mastv-157,mamastrovirus,KY054123
PREDICT_MAstV-158,predict_mastv-158,mamastrovirus,KY054124
PREDICT_MAstV-159,predict_mastv-159,mamastrovirus,KY054125
PREDICT_MAstV-162,predict_mastv-162,mamastrovirus,KY054126
PREDICT_MAstV-163,predict_mastv-163,mamastrovirus,"KY054130, KY054128, KY054129"
PREDICT_MAstV-164,predict_mastv-164,mamastrovirus,"KY054131, KY054132, KY054133, KY054134"
PREDICT_MAstV-165,predict_mastv-165,mamastrovirus,"KY054135, KY054136, KY054137, KY054138, KY054139, KY054140"
PREDICT_MAstV-166,predict_mastv-166,mamastrovirus,KY054141
PREDICT_MAstV-168,predict_mastv-168,mamastrovirus,KY054145
PREDICT_MAstV-172,predict_mastv-172,mamastrovirus,KY054153
PREDICT_MAstV-173,predict_mastv-173,mamastrovirus,KY054155
PREDICT_MAstV-90,predict_mastv-90,mamastrovirus,"KY054207, KY054208"
PREDICT_MAstV-91,predict_mastv-91,mamastrovirus,KY054209
PREDICT_PMV-37,paramyxovirus predict_pmv-37,NA,KP963883
PREDICT_PMV-38,paramyxovirus predict_pmv-38,NA,KP963884
PREDICT_PMV-50,paramyxovirus predict_pmv-50,NA,KP963886
PREDICT_PMV-51,paramyxovirus predict_pmv-51,NA,KP963887
PREDICT_PMV-53,paramyxovirus predict_pmv-53,NA,"KP963889, KP963890, KP963891, KP963892, KP963893, KP963894, KP963895, KP963896, KP963899"
PREDICT_RbdV-10,predict_rbdv-10,NA,"MG956850, MG956852"
PREDICT_RbdV-11,predict_rbdv-11,NA,MG956849
PREDICT_RbdV-9,predict_rbdv-9,NA,MG956851
PREDICT_PMV-55,paramyxovirus predict_pmv-55,NA,KP963858
PREDICT_MAstV-143,predict_mastv-143,mamastrovirus,KY054096
PREDICT_MAstV-148,predict_mastv-148,mamastrovirus,KY054108
PREDICT_MAstV-152,predict_mastv-152,mamastrovirus,KY054114
PREDICT_MAstV-163,predict_mastv-163,mamastrovirus,KY054127
PREDICT_MAstV-169,predict_mastv-169,mamastrovirus,KY054147
PREDICT_PMV-53,paramyxovirus predict_pmv-53,NA,"KP963897, KP963898"
PREDICT_PMV-59,paramyxovirus predict_pmv-59,NA,KP963871
PREDICT_HV-126,predict_hv-126,NA,NA
PREDICT_HV-51,predict_hv-51,NA,NA
PREDICT_AdV-66,adenovirus predict_adv-66,NA,"MK391617, MK391621"
PREDICT_HV-56,predict_hv-56,NA,NA
PREDICT_HV-57,predict_hv-57,NA,NA
PREDICT_CoV-2,coronavirus predict cov-2,betacoronavirus,KX286299
PREDICT_CoV-30,coronavirus predict cov-30,betacoronavirus,KX285072
PREDICT_ArenaV-2,predict_arenav-2,NA,MK215210
PREDICT_PMV-54,paramyxovirus predict_pmv-54,NA,"KP963851, KP963853, KP963857"
PREDICT_HV-69,predict_hv-69,NA,NA
PREDICT_HV-51,predict_hv-51,NA,NA
PREDICT_HV-94,predict_hv-94,NA,NA
PREDICT_CoV-58,coronavirus predict cov-58,alphacoronavirus,KX285508
PREDICT_AdV-67,adenovirus predict_adv-67,NA,MK391623
PREDICT_AdV-66,adenovirus predict_adv-66,NA,MK391622
PREDICT_HV-84,predict_hv-84,NA,NA
PREDICT_HV-98,predict_hv-98,NA,NA
PREDICT_CoV-54,predict_cov-54,NA,NA
PREDICT_MAstV-138,predict_mastv-138,mamastrovirus,KX858519
PREDICT_CoV-2,coronavirus predict cov-2,betacoronavirus,"KX286295, KX286298"
PREDICT_CoV-30,coronavirus predict cov-30,betacoronavirus,KX285073
PREDICT_HV-102,predict_hv-102,NA,NA
PREDICT_HV-68,predict_hv-68,NA,NA
PREDICT_HV-93,predict_hv-93,NA,NA
PREDICT_MAstV-175,predict_mastv-175,mamastrovirus,KY054010
PREDICT_CoV-35,coronavirus predict cov-35,alphacoronavirus,KX285074
PREDICT_HV-126,predict_hv-126,NA,NA
PREDICT_HV-101,predict_hv-101,NA,NA
PREDICT_AdV-66,adenovirus predict_adv-66,NA,MK391624
PREDICT_CoV-30,coronavirus predict cov-30,betacoronavirus,"KX285037, KX285036"
PREDICT_MAstV-183,predict_mastv-183,mamastrovirus,"KX858393, KX858395, KX858396, KX858397, KX858398, KX858400, KX858401"
PREDICT_MAstV-183,predict_mastv-183,mamastrovirus,"KX858405, KX858408, KX858409, KX858411, KX858412, KX858413, KX858414, KX858415"
PREDICT_HV-82,predict_hv-82,NA,NA
PREDICT_HV-106,predict_hv-106,NA,NA
PREDICT_HV-106,predict_hv-106,NA,NA
PREDICT_RbdV-15,predict_rbdv-15,NA,"MG956856, MG956858, MG956854, MG956855, MG956857"
PREDICT_HV-100,predict_hv-100,NA,NA
PREDICT_RbdV-15,predict_rbdv-15,NA,"MG956838, MG956837"
PREDICT_CoV-74,predict_cov-74,NA,NA
PREDICT_EV-2,predict_ev-2,enterovirus,MK215169
PREDICT_EV-3,predict_ev-3,enterovirus,MK215172
PREDICT_AdV-70,adenovirus predict_adv-70,NA,MK391625
PREDICT_HV-69,predict_hv-69,NA,NA
PREDICT_HV-121,predict_hv-121,NA,NA
PREDICT_HV-51,predict_hv-51,NA,NA
PREDICT_HV-82,predict_hv-82,NA,NA
PREDICT_HV-83,predict_hv-83,NA,NA
PREDICT_HV-95,predict_hv-95,NA,NA
PREDICT_HV-96,predict_hv-96,NA,NA
PREDICT_HV-83,predict_hv-83,NA,NA
PREDICT_HV-96,predict_hv-96,NA,NA
PREDICT_HV-124,predict_hv-124,NA,NA
PREDICT_HV-96,predict_hv-96,NA,NA
PREDICT_HV-140,predict_hv-140,NA,NA
PREDICT_HV-121,predict_hv-121,NA,NA
PREDICT_HV-123,predict_hv-123,NA,NA
PREDICT_HV-121,predict_hv-121,NA,NA
PREDICT_HV-121,predict_hv-121,NA,NA
PREDICT_HV-96,predict_hv-96,NA,NA
PREDICT_HV-96,predict_hv-96,NA,NA
PREDICT_HV-52,predict_hv-52,NA,NA
PREDICT_HV-52,predict_hv-52,NA,NA
PREDICT_AdV-91,adenovirus predict_adv-91,NA,MK325765
PREDICT_EV-6,predict_ev-6,enterovirus,MK215115
PREDICT_EV-7,predict_ev-7,enterovirus,MK215116
PREDICT_RbdV-29,predict_rbdv-29,NA,MG956853
PREDICT_CoV-35,predict_cov-35,NA,NA
PREDICT_CoV-110,predict_cov-110,NA,NA
PREDICT_CoV-110,predict_cov-110,NA,NA
PREDICT_CoV-78,predict_cov-78,NA,NA
PREDICT_CoV-30,predict_cov-30,NA,NA
PREDICT_CoV-25,predict_cov-25,NA,NA
PREDICT_PMV-13,paramyxovirus predict_pmv-13,NA,"MT063229, MT063235, MT063236, MT063238, MT063241, MT063247, MT063555, MT063556, MT063560, MT063561, MT063562, MT063563"
PREDICT_PMV-63,paramyxovirus predict_pmv-63,NA,MT063240
PREDICT_PMV-66,paramyxovirus predict_pmv-66,NA,"MT063233, MT063234, MT063237, MT063611, MT063557, MT063558, MT063559"
PREDICT_PMV-67,paramyxovirus predict_pmv-67,NA,"MT063230, MT063231, MT063232, MT063239, MT063242, MT063243, MT063244, MT063245, MT063246, MT063554"
PREDICT_RbdV-21,predict_rbdv-21,NA,NA
PREDICT_RbdV-28,predict_rbdv-28,NA,NA
PREDICT_RbdV-31,predict_rbdv-31,NA,NA
PREDICT_RbdV-32,predict_rbdv-32,NA,NA
PREDICT_RbdV-33,predict_rbdv-33,NA,NA
PREDICT_CoV-47,predict_cov-47,NA,NA
PREDICT_CoV-82,predict_cov-82,NA,NA
PREDICT_CoV-22,predict_cov-22,NA,NA
PREDICT_CoV-44,predict_cov-44,NA,NA
PREDICT_CoV-27,predict_cov-27,NA,NA
PREDICT_CoV-77,predict_cov-77,NA,NA
PREDICT_CoV-66,predict_cov-66,NA,NA
PREDICT_CoV-76,predict_cov-76,NA,NA
PREDICT_CoV-78,predict_cov-78,NA,NA
PREDICT_CoV-78,predict_cov-78,NA,NA
PREDICT_CoV-52,predict_cov-52,NA,NA
PREDICT_CoV-76,predict_cov-76,NA,NA
PREDICT_CoV-78,predict_cov-78,NA,NA
PREDICT_PMV-72,paramyxovirus predict_pmv-72,NA,MT063723
PREDICT_PMV-81,paramyxovirus predict_pmv-81,NA,"MT063724, MT063725, MT063726, MT063727"
PREDICT_CoV-78,predict_cov-78,NA,NA
PREDICT_PMV-105,paramyxovirus predict_pmv-105,NA,MT063729
PREDICT_CoV-78,predict_cov-78,NA,NA
PREDICT_CoV-84,predict_cov-84,NA,NA
PREDICT_PMV-72,paramyxovirus predict_pmv-72,NA,MT063728
PREDICT_CoV-44,predict_cov-44,NA,NA
PREDICT_CoV-44,predict_cov-44,NA,NA
PREDICT_PMV-83,paramyxovirus predict_pmv-83,NA,MT063228
PREDICT_PMV-110,paramyxovirus predict_pmv-110,NA,MT063730
PREDICT_CoV-52,predict_cov-52,NA,NA
PREDICT_CoV-52,predict_cov-52,NA,NA
PREDICT_CoV-78,predict_cov-78,NA,NA
PREDICT_PMV-106,paramyxovirus predict_pmv-106,NA,MT063731
PREDICT_PMV-83,paramyxovirus predict_pmv-83,NA,"MT063288, MT063289"
PREDICT_PMV-80,paramyxovirus predict_pmv-80,NA,MT063208
PREDICT_PMV-82,paramyxovirus predict_pmv-82,NA,MT063209
PREDICT_PMV-120,paramyxovirus predict_pmv-120,NA,MT063740
PREDICT_PMV-74,paramyxovirus predict_pmv-74,NA,MT063732
PREDICT_CoV-78,predict_cov-78,NA,NA
PREDICT_CoV-47,predict_cov-47,NA,NA
PREDICT_CoV-82,predict_cov-82,NA,NA
PREDICT_CoV-22,predict_cov-22,NA,NA
PREDICT_PMV-79,paramyxovirus predict_pmv-79,NA,MT063207
PREDICT_CoV-75,predict_cov-75,NA,NA
PREDICT_CoV-17,predict_cov-17,NA,NA
PREDICT_PMV-2,paramyxovirus predict_pmv-2,NA,"MT063210, MT063211, MT063212, MT063213"
PREDICT_PMV-88,predict_pmv-88,NA,NA
PREDICT_PMV-89,predict_pmv-89,NA,NA
PREDICT_CoV-35,predict_cov-35,NA,NA
PREDICT_PMV-13,paramyxovirus predict_pmv-13,NA,"MT063326, MT063334, MT063339, MT063340"
PREDICT_PMV-66,paramyxovirus predict_pmv-66,NA,"MT063341, MT063350"
PREDICT_PMV-67,paramyxovirus predict_pmv-67,NA,MT063349
PREDICT_CoV-24,predict_cov-24,NA,NA
PREDICT_CoV-56,predict_cov-56,NA,NA
PREDICT_PMV-20,paramyxovirus predict_pmv-20,NA,"MT063283, MT063280"
PREDICT_PMV-20,paramyxovirus predict_pmv-20,NA,"MT063281, MT063282"
PREDICT_CoV-108,predict_cov-108,NA,NA
PREDICT_CoV-79,predict_cov-79,NA,NA
PREDICT_PMV-20,paramyxovirus predict_pmv-20,NA,MT063284
PREDICT_PMV-49,predict_pmv-49,NA,NA
PREDICT_PMV-90,predict_pmv-90,NA,NA
PREDICT_CoV-82,predict_cov-82,NA,NA
PREDICT_PMV-146,paramyxovirus predict_pmv-146,NA,MT063423
PREDICT_PMV-144,paramyxovirus predict_pmv-144,NA,MT063422
PREDICT_CoV-24,predict_cov-24,NA,NA
PREDICT_CoV-56,predict_cov-56,NA,NA
PREDICT_CoV-30,predict_cov-30,NA,NA
PREDICT_PMV-188,predict_pmv-188,NA,NA
PREDICT_PMV-190,predict_pmv-190,NA,NA
PREDICT_PMV-191,predict_pmv-191,NA,NA
PREDICT_PMV-192,predict_pmv-192,NA,NA
PREDICT_PMV-193,predict_pmv-193,NA,NA
PREDICT_PMV-79,paramyxovirus predict_pmv-79,NA,MT063323
PREDICT_PMV-97,paramyxovirus predict_pmv-97,NA,MT063274
PREDICT_PMV-150,paramyxovirus predict_pmv-150,NA,MT063421
PREDICT_CoV-30,predict_cov-30,NA,NA
PREDICT_PMV-86,paramyxovirus predict_pmv-86,NA,MT063223
PREDICT_PMV-86,paramyxovirus predict_pmv-86,NA,MT063222
PREDICT_CoV-114,predict_cov-114,NA,NA
PREDICT_CoV-97,predict_cov-97,NA,NA
PREDICT_PMV-141,paramyxovirus predict_pmv-141,NA,MT063420
PREDICT_PMV-56,paramyxovirus predict_pmv-56,NA,MT063317
PREDICT_PMV-186,predict_pmv-186,NA,NA
PREDICT_PMV-187,predict_pmv-187,NA,NA
PREDICT_PMV-189,predict_pmv-189,NA,NA
PREDICT_PMV-190,predict_pmv-190,NA,NA
PREDICT_PMV-191,predict_pmv-191,NA,NA
PREDICT_PMV-194,predict_pmv-194,NA,NA
PREDICT_CoV-103,predict_cov-103,NA,NA
PREDICT_PMV-119,paramyxovirus predict_pmv-119,NA,MT063315
PREDICT_PMV-118,paramyxovirus predict_pmv-118,NA,"MT063316, MT063303, MT063542"
PREDICT_CoV-114,predict_cov-114,NA,NA
PREDICT_PMV-118,paramyxovirus predict_pmv-118,NA,MT063491
PREDICT_CoV-86,predict_cov-86,NA,NA
PREDICT_CoV-88,predict_cov-88,NA,NA
PREDICT_CoV-24,predict_cov-24,NA,NA
PREDICT_CoV-81,predict_cov-81,NA,NA
PREDICT_CoV-35,predict_cov-35,NA,NA
PREDICT_CoV-90,predict_cov-90,NA,NA
PREDICT_CoV-90,predict_cov-90,NA,NA
PREDICT_PMV-13,paramyxovirus predict_pmv-13,NA,"MT063327, MT063328, MT063329, MT063330, MT063331, MT063332, MT063333, MT063335, MT063337, MT063342, MT063343, MT063344, MT063346, MT063347, MT063587"
PREDICT_PMV-66,paramyxovirus predict_pmv-66,NA,"MT063336, MT063338, MT063345, MT063348"
PREDICT_CoV-88,predict_cov-88,NA,NA
PREDICT_PMV-91,paramyxovirus predict_pmv-91,NA,MT063254
PREDICT_CoV-81,predict_cov-81,NA,NA
PREDICT_CoV-103,predict_cov-103,NA,NA
PREDICT_PMV-104,paramyxovirus predict_pmv-104,NA,MT063277
PREDICT_PMV-118,paramyxovirus predict_pmv-118,NA,"MT063304, MT063305, MT063306, MT063307, MT063308, MT063309, MT063311, MT063312, MT063313, MT063314"
PREDICT_CoV-89,predict_cov-89,NA,NA
PREDICT_PMV-103,paramyxovirus predict_pmv-103,NA,MT063278
PREDICT_PMV-113,paramyxovirus predict_pmv-113,NA,MT063310
PREDICT_PMV-109,paramyxovirus predict_pmv-109,NA,MT063279
PREDICT_CoV-52,predict_cov-52,NA,NA
PREDICT_PMV-74,paramyxovirus predict_pmv-74,NA,MT063737
PREDICT_PMV-98,paramyxovirus predict_pmv-98,NA,MT063734
PREDICT_PMV-99,paramyxovirus predict_pmv-99,NA,MT063735
PREDICT_Flavi-6,predict_flavi-6,flavivirus,NA
PREDICT_PMV-108,paramyxovirus predict_pmv-108,NA,MT063739
PREDICT_PMV-183,predict_pmv-183,NA,NA
PREDICT_CoV-44,predict_cov-44,NA,NA
PREDICT_CoV-81,predict_cov-81,NA,NA
PREDICT_PMV-180,predict_pmv-180,NA,NA
PREDICT_CoV-17,predict_cov-17,NA,NA
PREDICT_CoV-16,predict_cov-16,NA,NA
PREDICT_CoV-17,predict_cov-17,NA,NA
PREDICT_CoV-16,predict_cov-16,NA,NA
PREDICT_CoV-17,predict_cov-17,NA,NA
PREDICT_CoV-68,predict_cov-68,NA,NA
PREDICT_PMV-85,paramyxovirus predict_pmv-85,NA,MT063248
PREDICT_PMV-107,paramyxovirus predict_pmv-107,NA,MT063738
PREDICT_PMV-106,paramyxovirus predict_pmv-106,NA,MT063733
PREDICT_PMV-107,paramyxovirus predict_pmv-107,NA,MT063736
PREDICT_CoV-78,predict_cov-78,NA,NA
PREDICT_CoV-84,predict_cov-84,NA,NA
PREDICT_PMV-117,paramyxovirus predict_pmv-117,NA,MT063287
PREDICT_CoV-47,predict_cov-47,NA,NA
PREDICT_CoV-47,predict_cov-47,NA,NA
PREDICT_PMV-101,paramyxovirus predict_pmv-101,NA,"MT063275, MT063297"
PREDICT_CoV-100,predict_cov-100,NA,NA
PREDICT_CoV-54,predict_cov-54,NA,NA
PREDICT_CoV-54,predict_cov-54,NA,NA
PREDICT_PMV-80,paramyxovirus predict_pmv-80,NA,MT063325
PREDICT_PMV-20,paramyxovirus predict_pmv-20,NA,"MT063252, MT063253"
PREDICT_CoV-84,predict_cov-84,NA,NA
PREDICT_CoV-97,predict_cov-97,NA,NA
PREDICT_PMV-101,paramyxovirus predict_pmv-101,NA,MT063273
PREDICT_CoV-44,predict_cov-44,NA,NA
PREDICT_CoV-81,predict_cov-81,NA,NA
PREDICT_PMV-127,paramyxovirus predict_pmv-127,NA,MT063361
PREDICT_CoV-16,predict_cov-16,NA,NA
PREDICT_CoV-17,predict_cov-17,NA,NA
PREDICT_PMV-143,paramyxovirus predict_pmv-143,NA,MT063425
PREDICT_PMV-144,paramyxovirus predict_pmv-144,NA,"MT063424, MT063464"
PREDICT_CoV-92,predict_cov-92,NA,NA
PREDICT_CoV-96,predict_cov-96,NA,NA
PREDICT_PMV-48,paramyxovirus predict_pmv-48,NA,"MT063381, MT063387, MT063388, MT063389"
PREDICT_PMV-132,paramyxovirus predict_pmv-132,NA,"MT063385, MT063386"
PREDICT_PMV-114,paramyxovirus predict_pmv-114,NA,MT063300
PREDICT_PMV-115,paramyxovirus predict_pmv-115,NA,MT063301
PREDICT_PMV-116,paramyxovirus predict_pmv-116,NA,MT063302
PREDICT_PMV-179,predict_pmv-179,NA,NA
PREDICT_CoV-47,predict_cov-47,NA,NA
PREDICT_CoV-82,predict_cov-82,NA,NA
PREDICT_CoV-47,predict_cov-47,NA,NA
PREDICT_CoV-99,predict_cov-99,NA,NA
PREDICT_CoV-53,predict_cov-53,NA,NA
PREDICT_CoV-95,predict_cov-95,NA,NA
PREDICT_CoV-44,predict_cov-44,NA,NA
PREDICT_CoV-81,predict_cov-81,NA,NA
PREDICT_PMV-133,paramyxovirus predict_pmv-133,NA,MT063362
PREDICT_CoV-94,predict_cov-94,NA,NA
PREDICT_PMV-20,paramyxovirus predict_pmv-20,NA,MT063365
PREDICT_PMV-134,predict_pmv-134,NA,NA
PREDICT_CoV-35,predict_cov-35,NA,NA
PREDICT_CoV-24,predict_cov-24,NA,NA
PREDICT_CoV-56,predict_cov-56,NA,NA
PREDICT_CoV-100,predict_cov-100,NA,NA
PREDICT_CoV-93,predict_cov-93,NA,NA
PREDICT_CoV-96,predict_cov-96,NA,NA
PREDICT_CoV-17,predict_cov-17,NA,NA
PREDICT_PMV-5,paramyxovirus predict_pmv-5,NA,MT063269
PREDICT_CoV-17,predict_cov-17,NA,NA
PREDICT_PMV-3,paramyxovirus predict_pmv-3,NA,MT063270
PREDICT_CoV-35,predict_cov-35,NA,NA
PREDICT_CoV-90,predict_cov-90,NA,NA
PREDICT_RbdV-27,predict_rbdv-27,NA,NA
PREDICT_CoV-35,predict_cov-35,NA,NA
PREDICT_PMV-13,paramyxovirus predict_pmv-13,NA,"MT063466, MT063543, MT063544, MT063545, MT063546, MT063547, MT063548, MT063549, MT063550, MT063565, MT063566, MT063567, MT063568, MT063569, MT063593"
PREDICT_PMV-66,paramyxovirus predict_pmv-66,NA,"MT063592, MT063594, MT063564, MT063571"
PREDICT_PMV-67,paramyxovirus predict_pmv-67,NA,MT063570
PREDICT_RbdV-21,predict_rbdv-21,NA,NA
PREDICT_RbdV-27,predict_rbdv-27,NA,NA
PREDICT_RbdV-35,predict_rbdv-35,NA,NA
PREDICT_PMV-136,predict_pmv-136,NA,NA
PREDICT_PMV-49,predict_pmv-49,NA,NA
PREDICT_CoV-82,predict_cov-82,NA,NA
PREDICT_CoV-99,predict_cov-99,NA,NA
PREDICT_CoV-41,predict_cov-41,NA,NA
PREDICT_CoV-100,predict_cov-100,NA,NA
PREDICT_CoV-54,predict_cov-54,NA,NA
PREDICT_PMV-47,predict_pmv-47,NA,NA
PREDICT_PMV-130,predict_pmv-130,NA,NA
PREDICT_CoV-107,predict_cov-107,NA,NA
PREDICT_PMV-129,predict_pmv-129,NA,NA
PREDICT_PMV-145,paramyxovirus predict_pmv-145,NA,"MT063429, MT063430, MT063431"
PREDICT_CoV-47,predict_cov-47,NA,NA
PREDICT_PMV-101,paramyxovirus predict_pmv-101,NA,MT063364
PREDICT_CoV-22,predict_cov-22,NA,NA
PREDICT_CoV-103,predict_cov-103,NA,NA
PREDICT_CoV-35,predict_cov-35,NA,NA
PREDICT_PMV-63,paramyxovirus predict_pmv-63,NA,MT063668
PREDICT_PMV-131,paramyxovirus predict_pmv-131,NA,MT063363
PREDICT_CoV-65,predict_cov-65,NA,NA
PREDICT_PMV-135,predict_pmv-135,NA,NA
PREDICT_CoV-22,predict_cov-22,NA,NA
PREDICT_CoV-23,predict_cov-23,NA,NA
PREDICT_PMV-123,predict_pmv-123,NA,NA
PREDICT_CoV-100,predict_cov-100,NA,NA
PREDICT_CoV-53,predict_cov-53,NA,NA
PREDICT_CoV-95,predict_cov-95,NA,NA
PREDICT_CoV-106,predict_cov-106,NA,NA
PREDICT_PMV-149,paramyxovirus predict_pmv-149,NA,MT063433
PREDICT_PMV-13,paramyxovirus predict_pmv-13,NA,MT063553
PREDICT_CoV-108,predict_cov-108,NA,NA
PREDICT_CoV-65,predict_cov-65,NA,NA
PREDICT_CoV-108,predict_cov-108,NA,NA
PREDICT_CoV-79,predict_cov-79,NA,NA
PREDICT_CoV-65,predict_cov-65,NA,NA
PREDICT_CoV-91,predict_cov-91,NA,NA
PREDICT_CoV-22,predict_cov-22,NA,NA
PREDICT_PMV-13,paramyxovirus predict_pmv-13,NA,"MT063552, MT063576, MT063577, MT063579, MT063580, MT063581, MT063585"
PREDICT_PMV-63,paramyxovirus predict_pmv-63,NA,MT063584
PREDICT_PMV-66,paramyxovirus predict_pmv-66,NA,"MT063575, MT063578, MT063582, MT063583, MT063586, MT063620, MT063551, MT063572, MT063573, MT063574"
PREDICT_RbdV-21,predict_rbdv-21,NA,NA
PREDICT_RbdV-28,predict_rbdv-28,NA,NA
PREDICT_RbdV-34,predict_rbdv-34,NA,NA
PREDICT_PMV-168,paramyxovirus predict_pmv-168,NA,"MT063669, MT063671"
PREDICT_PMV-15,paramyxovirus predict_pmv-15,NA,MT063613
PREDICT_PMV-171,paramyxovirus predict_pmv-171,NA,MT063670
PREDICT_PMV-20,paramyxovirus predict_pmv-20,NA,"MT063434, MT063435"
PREDICT_PMV-176,paramyxovirus predict_pmv-176,NA,MT063662
PREDICT_CoV-99,predict_cov-99,NA,NA
PREDICT_CoV-47,predict_cov-47,NA,NA
PREDICT_CoV-87,predict_cov-87,NA,MT891180
PREDICT_CoV-87,predict_cov-87,NA,MT891181
PREDICT_CoV-102,predict_cov-102,NA,NA
PREDICT_CoV-87,predict_cov-87,NA,"MT891184, MT891185"
PREDICT_PMV-171,paramyxovirus predict_pmv-171,NA,MT063672
PREDICT_CoV-16,predict_cov-16,NA,NA
PREDICT_CoV-17,predict_cov-17,NA,NA
PREDICT_CoV-68,predict_cov-68,NA,NA
PREDICT_PMV-125,paramyxovirus predict_pmv-125,NA,MT063397
PREDICT_CoV-16,predict_cov-16,NA,NA
PREDICT_CoV-17,predict_cov-17,NA,NA
PREDICT_CoV-16,predict_cov-16,NA,NA
PREDICT_CoV-17,predict_cov-17,NA,NA
PREDICT_CoV-68,predict_cov-68,NA,NA
PREDICT_PMV-128,paramyxovirus predict_pmv-128,NA,"MT063393, MT063394"
PREDICT_PMV-5,paramyxovirus predict_pmv-5,NA,"MT063396, MT063399"
PREDICT_PMV-6,paramyxovirus predict_pmv-6,NA,"MT063395, MT063398"
PREDICT_CoV-81,predict_cov-81,NA,NA
PREDICT_CoV-44,predict_cov-44,NA,NA
PREDICT_CoV-81,predict_cov-81,NA,NA
PREDICT_CoV-47,predict_cov-47,NA,NA
PREDICT_CoV-82,predict_cov-82,NA,NA
PREDICT_CoV-47,predict_cov-47,NA,NA
PREDICT_CoV-78,predict_cov-78,NA,NA
PREDICT_CoV-24,predict_cov-24,NA,NA
PREDICT_CoV-56,predict_cov-56,NA,NA
PREDICT_CoV-116,predict_cov-116,NA,NA
PREDICT_CoV-115,predict_cov-115,NA,NA
PREDICT_CoV-44,predict_cov-44,NA,NA
PREDICT_CoV-81,predict_cov-81,NA,NA
PREDICT_PMV-181,predict_pmv-181,NA,NA
PREDICT_CoV-78,predict_cov-78,NA,NA
PREDICT_CoV-78,predict_cov-78,NA,NA
PREDICT_CoV-65,predict_cov-65,NA,NA
PREDICT_CoV-116,predict_cov-116,NA,NA
PREDICT_PMV-182,predict_pmv-182,NA,NA
PREDICT_PMV-184,predict_pmv-184,NA,NA
PREDICT_PMV-20,paramyxovirus predict_pmv-20,NA,MT063445
PREDICT_CoV-70,predict_cov-70,NA,NA
PREDICT_CoV-112,predict_cov-112,NA,NA
PREDICT_CoV-65,predict_cov-65,NA,NA
PREDICT_CoV-113,predict_cov-113,NA,NA
PREDICT_CoV-65,predict_cov-65,NA,NA
PREDICT_CoV-109,predict_cov-109,NA,NA
PREDICT_CoV-78,predict_cov-78,NA,NA
PREDICT_PMV-151,paramyxovirus predict_pmv-151,NA,MT063426
PREDICT_PMV-170,paramyxovirus predict_pmv-170,NA,MT063673
PREDICT_PMV-185,predict_pmv-185,NA,NA
PREDICT_PMV-150,paramyxovirus predict_pmv-150,NA,MT063614
PREDICT_PMV-15,predict_pmv-15,NA,NA
PREDICT_CoV-17,predict_cov-17,NA,NA
PREDICT_CoV-17,predict_cov-17,NA,NA
PREDICT_PMV-10,paramyxovirus predict_pmv-10,NA,MT063401
PREDICT_PMV-4,paramyxovirus predict_pmv-4,NA,MT063404
PREDICT_CoV-16,predict_cov-16,NA,NA
PREDICT_CoV-17,predict_cov-17,NA,NA
PREDICT_CoV-17,predict_cov-17,NA,NA
PREDICT_PMV-10,paramyxovirus predict_pmv-10,NA,MT063400
PREDICT_PMV-142,paramyxovirus predict_pmv-142,NA,MT063456
PREDICT_PMV-3,paramyxovirus predict_pmv-3,NA,MT063454
PREDICT_PMV-5,paramyxovirus predict_pmv-5,NA,"MT063403, MT063455"
PREDICT_PMV-6,paramyxovirus predict_pmv-6,NA,MT063402
PREDICT_PMV-20,paramyxovirus predict_pmv-20,NA,"MT063446, MT063447, MT063448"
PREDICT_CoV-88,predict_cov-88,NA,NA
PREDICT_PMV-24,paramyxovirus predict_pmv-24,NA,"MT063675, MT063676, MT063677, MT063678"
PREDICT_PMV-168,paramyxovirus predict_pmv-168,NA,MT063674
PREDICT_PMV-169,paramyxovirus predict_pmv-169,NA,MT063652
PREDICT_CoV-103,predict_cov-103,NA,NA
PREDICT_CoV-100,predict_cov-100,NA,NA
PREDICT_PMV-15,predict_pmv-15,NA,NA
PREDICT_PMV-173,paramyxovirus predict_pmv-173,NA,MT063653
PREDICT_CoV-114,predict_cov-114,NA,NA
PREDICT_CoV-103,predict_cov-103,NA,NA
PREDICT_PMV-13,paramyxovirus predict_pmv-13,NA,"MT063474, MT063475, MT063477, MT063478, MT063479, MT063482, MT063541"
PREDICT_PMV-63,paramyxovirus predict_pmv-63,NA,"MT063480, MT063481"
PREDICT_PMV-66,predict_pmv-66,NA,NA
PREDICT_RbdV-21,predict_rbdv-21,NA,NA
PREDICT_RbdV-27,predict_rbdv-27,NA,NA
PREDICT_RbdV-28,predict_rbdv-28,NA,NA
PREDICT_PMV-58,paramyxovirus predict_pmv-58,NA,"MT063449, MT063450"
PREDICT_CoV-78,predict_cov-78,NA,NA
PREDICT_PMV-15,predict_pmv-15,NA,NA
PREDICT_CoV-64,predict_cov-64,NA,NA
PREDICT_CoV-78,predict_cov-78,NA,NA
PREDICT_PMV-137,paramyxovirus predict_pmv-137,NA,MT063741
PREDICT_PMV-172,paramyxovirus predict_pmv-172,NA,MT063654
PREDICT_CoV-98,predict_cov-98,NA,NA
PREDICT_PMV-148,paramyxovirus predict_pmv-148,NA,MT063436
PREDICT_PMV-156,paramyxovirus predict_pmv-156,NA,MT063490
PREDICT_PMV-144,predict_pmv-144,NA,NA
PREDICT_PMV-174,paramyxovirus predict_pmv-174,NA,MT063658
PREDICT_PMV-139,paramyxovirus predict_pmv-139,NA,"MT063410, MT063411"
PREDICT_PMV-147,paramyxovirus predict_pmv-147,NA,MT063452
PREDICT_PMV-152,paramyxovirus predict_pmv-152,NA,MT063451
PREDICT_PMV-161,paramyxovirus predict_pmv-161,NA,MT063596
PREDICT_PMV-163,paramyxovirus predict_pmv-163,NA,MT063595
PREDICT_CoV-44,predict_cov-44,NA,NA
PREDICT_CoV-81,predict_cov-81,NA,NA
PREDICT_PMV-138,paramyxovirus predict_pmv-138,NA,"MT063412, MT063453"
PREDICT_PMV-153,paramyxovirus predict_pmv-153,NA,MT063461
PREDICT_CoV-78,predict_cov-78,NA,NA
PREDICT_CoV-30,predict_cov-30,NA,NA
PREDICT_PMV-157,predict_pmv-157,NA,NA
PREDICT_PMV-158,predict_pmv-158,NA,NA
PREDICT_PMV-162,predict_pmv-162,NA,NA
PREDICT_CoV-90,predict_cov-90,NA,NA
PREDICT_PMV-15,predict_pmv-15,NA,NA
PREDICT_PMV-175,paramyxovirus predict_pmv-175,NA,MT063679
PREDICT_PMV-166,predict_pmv-166,NA,NA
PREDICT_PMV-148,paramyxovirus predict_pmv-148,NA,MT063489
PREDICT_CoV-17,predict_cov-17,NA,NA
PREDICT_CoV-17,predict_cov-17,NA,NA
PREDICT_CoV-17,predict_cov-17,NA,NA
PREDICT_PMV-140,paramyxovirus predict_pmv-140,NA,MT063457
PREDICT_PMV-5,paramyxovirus predict_pmv-5,NA,MT063459
PREDICT_PMV-6,paramyxovirus predict_pmv-6,NA,MT063458
PREDICT_CoV-109,predict_cov-109,NA,NA
PREDICT_CoV-70,predict_cov-70,NA,NA
PREDICT_CoV-117,predict_cov-117,NA,NA
PREDICT_CoV-97,predict_cov-97,NA,NA
PREDICT_PMV-178,predict_pmv-178,NA,NA
PREDICT_CoV-35,predict_cov-35,NA,NA
PREDICT_CoV-82,predict_cov-82,NA,NA
PREDICT_CoV-99,predict_cov-99,NA,NA
PREDICT_CoV-82,predict_cov-82,NA,NA
PREDICT_PMV-155,paramyxovirus predict_pmv-155,NA,"MT063597, MT063598, MT063599, MT063600, MT063601, MT063602"
PREDICT_CoV-100,predict_cov-100,NA,NA
PREDICT_PMV-174,paramyxovirus predict_pmv-174,NA,"MT063656, MT063657, MT063659, MT063660, MT063661"
PREDICT_PMV-148,paramyxovirus predict_pmv-148,NA,MT063437
PREDICT_PMV-160,paramyxovirus predict_pmv-160,NA,MT063612
PREDICT_PMV-15,paramyxovirus predict_pmv-15,NA,"MT063427, MT063428, MT063432"
PREDICT_PMV-171,predict_pmv-171,NA,NA
PREDICT_PMV-86,paramyxovirus predict_pmv-86,NA,MT063618
PREDICT_PMV-167,paramyxovirus predict_pmv-167,NA,MT063655
PREDICT_CoV-78,predict_cov-78,NA,NA
PREDICT_PMV-164,predict_pmv-164,NA,NA
PREDICT_CoV-82,predict_cov-82,NA,NA
PREDICT_PMV-155,paramyxovirus predict_pmv-155,NA,"MT063615, MT063616, MT063617"
PREDICT_CoV-101,predict_cov-101,NA,NA
PREDICT_PMV-159,paramyxovirus predict_pmv-159,NA,MT063619
PREDICT_CoV-111,predict_cov-111,NA,NA
PREDICT_CoV-60,predict_cov-60,NA,NA
PREDICT_PMV-165,predict_pmv-165,NA,NA
PREDICT_CoV-65,predict_cov-65,NA,NA
PREDICT_CoV-65,predict_cov-65,NA,NA
PREDICT_CoV-100,predict_cov-100,NA,NA
PREDICT_CoV-78,predict_cov-78,NA,NA
PREDICT_CoV-106,predict_cov-106,NA,NA
PREDICT_PMV-15,predict_pmv-15,NA,NA
PREDICT_CoV-114,predict_cov-114,NA,NA
PREDICT_PMV-175,paramyxovirus predict_pmv-175,NA,"MT063680, MT063681, MT063682, MT063683"
PREDICT_CoV-65,predict_cov-65,NA,NA
PREDICT_CoV-114,predict_cov-114,NA,NA
PREDICT_PMV-13,paramyxovirus predict_pmv-13,NA,"MT063492, MT063493, MT063494, MT063495, MT063496, MT063497, MT063498, MT063499, MT063500, MT063502, MT063503, MT063504, MT063505, MT063506, MT063507, MT063508, MT063510, MT063511, MT063512, MT063513, MT063519, MT063522, MT063525, MT063526, MT063528, MT063529, MT063530, MT063531, MT063532, MT063534, MT063535, MT063536, MT063540"
PREDICT_PMV-63,paramyxovirus predict_pmv-63,NA,"MT063501, MT063537"
PREDICT_PMV-66,paramyxovirus predict_pmv-66,NA,"MT063509, MT063517, MT063518, MT063533"
PREDICT_PMV-67,paramyxovirus predict_pmv-67,NA,"MT063514, MT063515, MT063516, MT063527, MT063538, MT063539, MT063663"
PREDICT_RbdV-21,predict_rbdv-21,NA,NA
PREDICT_RbdV-27,predict_rbdv-27,NA,NA
PREDICT_RbdV-28,predict_rbdv-28,NA,NA
PREDICT_RbdV-34,predict_rbdv-34,NA,NA
PREDICT_PMV-56,predict_pmv-56,NA,NA
PREDICT_PMV-175,paramyxovirus predict_pmv-175,NA,"MT063684, MT063685"
PREDICT_CoV-105,predict_cov-105,NA,NA
PREDICT_CoV-104,predict_cov-104,NA,MT891183
PREDICT_PMV-144,predict_pmv-144,NA,NA
PREDICT_PMV-171,predict_pmv-171,NA,NA
PREDICT_CoV-117,predict_cov-117,NA,NA
PREDICT_PMV-15,predict_pmv-15,NA,NA
PREDICT_CoV-110,predict_cov-110,NA,NA
PREDICT_CoV-78,predict_cov-78,NA,NA
PREDICT_CoV-110,predict_cov-110,NA,NA
PREDICT_CoV-76,predict_cov-76,NA,NA
